<?xml version='1.0' encoding='utf-8' ?>
<!DOCTYPE document SYSTEM "file:///C:/Xilinx/10.1/ISE/xa9500xl/data/xmlReport9kxl.dtd">
<document><ascFile>adder.rpt</ascFile><devFile>C:/Xilinx/10.1/ISE/xa9500xl/data/xa95144xl.chp</devFile><mfdFile>adder.mfd</mfdFile><htmlFile logic_legend="logiclegend.htm" logo="xc9500xl_logo.jpg" pin_legend="pinlegend.htm"/><header date=" 4- 4-2011" design="adder" device="XA95144XL" eqnType="1" pkg="CS144" speed="-15" status="1" statusStr="Successful" swVersion="K.39" time="  9:17AM" version="1.0"/><inputs id="B12_SPECSIG"/><inputs id="A12_SPECSIG"/><inputs id="B8_SPECSIG"/><inputs id="A8_SPECSIG"/><inputs id="B4_SPECSIG"/><inputs id="A4_SPECSIG"/><inputs id="B0_SPECSIG"/><inputs id="A0_SPECSIG"/><inputs id="B24_SPECSIG"/><inputs id="A24_SPECSIG"/><inputs id="B20_SPECSIG"/><inputs id="A20_SPECSIG"/><inputs id="B16_SPECSIG"/><inputs id="A16_SPECSIG"/><inputs id="B13_SPECSIG"/><inputs id="A13_SPECSIG"/><inputs id="B9_SPECSIG"/><inputs id="A9_SPECSIG"/><inputs id="B5_SPECSIG"/><inputs id="A5_SPECSIG"/><inputs id="B1_SPECSIG"/><inputs id="A1_SPECSIG"/><inputs id="B28_SPECSIG"/><inputs id="A28_SPECSIG"/><inputs id="B25_SPECSIG"/><inputs id="A25_SPECSIG"/><inputs id="B21_SPECSIG"/><inputs id="A21_SPECSIG"/><inputs id="B17_SPECSIG"/><inputs id="A17_SPECSIG"/><inputs id="B15_SPECSIG"/><inputs id="A15_SPECSIG"/><inputs id="B14_SPECSIG"/><inputs id="A14_SPECSIG"/><inputs id="B10_SPECSIG"/><inputs id="A10_SPECSIG"/><inputs id="B6_SPECSIG"/><inputs id="A6_SPECSIG"/><inputs id="B2_SPECSIG"/><inputs id="A2_SPECSIG"/><inputs id="B31_SPECSIG"/><inputs id="A31_SPECSIG"/><inputs id="B29_SPECSIG"/><inputs id="A29_SPECSIG"/><inputs id="B26_SPECSIG"/><inputs id="A26_SPECSIG"/><inputs id="B22_SPECSIG"/><inputs id="A22_SPECSIG"/><inputs id="B18_SPECSIG"/><inputs id="A18_SPECSIG"/><inputs id="B30_SPECSIG"/><inputs id="A30_SPECSIG"/><inputs id="B11_SPECSIG"/><inputs id="A11_SPECSIG"/><inputs id="B7_SPECSIG"/><inputs id="A7_SPECSIG"/><inputs id="B27_SPECSIG"/><inputs id="A27_SPECSIG"/><inputs id="B23_SPECSIG"/><inputs id="A23_SPECSIG"/><inputs id="B19_SPECSIG"/><inputs id="A19_SPECSIG"/><inputs id="B3_SPECSIG"/><inputs id="A3_SPECSIG"/><pin id="FB1_MC1_PINH3" pinnum="H3" signal="B26_SPECSIG" use="I"/><pin id="FB1_MC2_PINF1" pinnum="F1" signal="O1" use="O"/><pin id="FB1_MC3_PING2" pinnum="G2" use="b_SPECSIG"/><pin id="FB1_MC4_PINJ1" pinnum="J1" signal="A19_SPECSIG" use="I"/><pin id="FB1_MC5_PING3" pinnum="G3" signal="Z15_SPECSIG" use="O"/><pin id="FB1_MC6_PING4" pinnum="G4" signal="A17_SPECSIG" use="I"/><pin id="FB1_MC8_PINH1" pinnum="H1" signal="Z31_SPECSIG" use="O"/><pin id="FB1_MC9_PINH2" pinnum="H2"/><pin id="FB1_MC10_PINK3" pinnum="K3" signal="B6_SPECSIG" use="I"/><pin id="FB1_MC11_PINH4" pinnum="H4" signal="Z14_SPECSIG" use="O"/><pin id="FB1_MC12_PINJ2" pinnum="J2" signal="B29_SPECSIG" use="I"/><pin id="FB1_MC14_PINJ3" pinnum="J3" signal="B30_SPECSIG" use="I"/><pin id="FB1_MC15_PINJ4" pinnum="J4" signal="Z30_SPECSIG" use="O"/><pin id="FB1_MC16_PINM1" pinnum="M1" signal="B14_SPECSIG" use="I"/><pin id="FB1_MC17_PINK2" pinnum="K2" signal="A16_SPECSIG" use="I"/><pin id="FB2_MC1_PINC3" pinnum="C3" signal="A6_SPECSIG" use="I"/><pin id="FB2_MC2_PINA2" pinnum="A2" signal="B11_SPECSIG" use="I"/><pin id="FB2_MC4_PINC1" pinnum="C1" signal="Z11_SPECSIG" use="O"/><pin id="FB2_MC5_PINB1" pinnum="B1" signal="A4_SPECSIG" use="I"/><pin id="FB2_MC6_PINC2" pinnum="C2" signal="B19_SPECSIG" use="I"/><pin id="FB2_MC8_PIND4" pinnum="D4" signal="B1_SPECSIG" use="I"/><pin id="FB2_MC9_PIND3" pinnum="D3" signal="B0_SPECSIG" use="I"/><pin id="FB2_MC10_PIND2" pinnum="D2" signal="Z13_SPECSIG" use="O"/><pin id="FB2_MC11_PINE4" pinnum="E4" signal="A1_SPECSIG" use="I"/><pin id="FB2_MC12_PINE3" pinnum="E3" signal="A22_SPECSIG" use="I"/><pin id="FB2_MC13_PINE1" pinnum="E1" signal="Z9_SPECSIG" use="O"/><pin id="FB2_MC14_PINE2" pinnum="E2" signal="A23_SPECSIG" use="I"/><pin id="FB2_MC15_PINF4" pinnum="F4" signal="B28_SPECSIG" use="I"/><pin id="FB2_MC16_PINF3" pinnum="F3" signal="A11_SPECSIG" use="I"/><pin id="FB2_MC17_PINF2" pinnum="F2" signal="Z10_SPECSIG" use="O"/><pin id="FB3_MC1_PINM3" pinnum="M3" signal="Z17_SPECSIG" use="O"/><pin id="FB3_MC2_PINL1" pinnum="L1" signal="B2_SPECSIG" use="I"/><pin id="FB3_MC3_PINK4" pinnum="K4"/><pin id="FB3_MC4_PINN4" pinnum="N4" signal="Z19_SPECSIG" use="O"/><pin id="FB3_MC5_PINL2" pinnum="L2"/><pin id="FB3_MC6_PINL3" pinnum="L3"/><pin id="FB3_MC7_PINL5" pinnum="L5" signal="B15_SPECSIG" use="I"/><pin id="FB3_MC8_PINN2" pinnum="N2" signal="A18_SPECSIG" use="I"/><pin id="FB3_MC9_PINN3" pinnum="N3" signal="B9_SPECSIG" use="I"/><pin id="FB3_MC10_PINN5" pinnum="N5" signal="XLXI_2XLXI_1XLXI_1X3XLXI_2XLXI_1XLXI_1X3_D40__SPECSIG" use="b_SPECSIG"/><pin id="FB3_MC11_PINM4" pinnum="M4" signal="Z18_SPECSIG" use="O"/><pin id="FB3_MC12_PINK5" pinnum="K5" signal="B4_SPECSIG" use="I"/><pin id="FB3_MC14_PINK6" pinnum="K6" signal="Z29_SPECSIG" use="O"/><pin id="FB3_MC15_PINL6" pinnum="L6" signal="B13_SPECSIG" use="I"/><pin id="FB3_MC17_PINM6" pinnum="M6" signal="B10_SPECSIG" use="I"/><pin id="FB4_MC1_PINC9" pinnum="C9" signal="B5_SPECSIG" use="I"/><pin id="FB4_MC2_PINA7" pinnum="A7" signal="Z21_SPECSIG" use="O"/><pin id="FB4_MC3_PINA5" pinnum="A5"/><pin id="FB4_MC5_PIND7" pinnum="D7" signal="Z23_SPECSIG" use="O"/><pin id="FB4_MC6_PINA6" pinnum="A6" signal="B22_SPECSIG" use="I"/><pin id="FB4_MC8_PINB6" pinnum="B6"/><pin id="FB4_MC9_PINC6" pinnum="C6" signal="Z12_SPECSIG" use="O"/><pin id="FB4_MC10_PINC5" pinnum="C5" signal="B23_SPECSIG" use="I"/><pin id="FB4_MC11_PIND6" pinnum="D6" signal="A25_SPECSIG" use="I"/><pin id="FB4_MC12_PINB5" pinnum="B5" signal="Z20_SPECSIG" use="O"/><pin id="FB4_MC13_PINA4" pinnum="A4" signal="A15_SPECSIG" use="I"/><pin id="FB4_MC14_PIND5" pinnum="D5" signal="B7_SPECSIG" use="I"/><pin id="FB4_MC15_PINB4" pinnum="B4" signal="Z22_SPECSIG" use="O"/><pin id="FB4_MC16_PINC4" pinnum="C4" signal="B18_SPECSIG" use="I"/><pin id="FB4_MC17_PINA3" pinnum="A3" signal="B25_SPECSIG" use="I"/><pin id="FB5_MC2_PINN6" pinnum="N6" signal="Z25_SPECSIG" use="O"/><pin id="FB5_MC3_PINL8" pinnum="L8" signal="B16_SPECSIG" use="I"/><pin id="FB5_MC5_PINM7" pinnum="M7" signal="A8_SPECSIG" use="I"/><pin id="FB5_MC6_PINN7" pinnum="N7" signal="A10_SPECSIG" use="I"/><pin id="FB5_MC7_PINM10" pinnum="M10" signal="Z27_SPECSIG" use="O"/><pin id="FB5_MC8_PINK7" pinnum="K7"/><pin id="FB5_MC9_PINN8" pinnum="N8" signal="B8_SPECSIG" use="I"/><pin id="FB5_MC10_PINN11" pinnum="N11" signal="A28_SPECSIG" use="I"/><pin id="FB5_MC11_PINM8" pinnum="M8" signal="Z24_SPECSIG" use="O"/><pin id="FB5_MC12_PINK8" pinnum="K8" signal="A30_SPECSIG" use="I"/><pin id="FB5_MC13_PINL11" pinnum="L11"/><pin id="FB5_MC14_PINN9" pinnum="N9" signal="A13_SPECSIG" use="I"/><pin id="FB5_MC15_PINK9" pinnum="K9" signal="Z26_SPECSIG" use="O"/><pin id="FB5_MC17_PINM11" pinnum="M11" use="b_SPECSIG"/><pin id="FB6_MC2_PINC11" pinnum="C11" signal="Z3_SPECSIG" use="O"/><pin id="FB6_MC4_PINB11" pinnum="B11" signal="B31_SPECSIG" use="I"/><pin id="FB6_MC5_PINA12" pinnum="A12"/><pin id="FB6_MC6_PINA11" pinnum="A11"/><pin id="FB6_MC8_PIND10" pinnum="D10" signal="Z28_SPECSIG" use="O"/><pin id="FB6_MC9_PINA10" pinnum="A10" signal="A26_SPECSIG" use="I"/><pin id="FB6_MC10_PINB10" pinnum="B10" signal="B27_SPECSIG" use="I"/><pin id="FB6_MC11_PINB9" pinnum="B9" signal="A20_SPECSIG" use="I"/><pin id="FB6_MC12_PINA9" pinnum="A9" signal="Z2_SPECSIG" use="O"/><pin id="FB6_MC14_PIND8" pinnum="D8" signal="A5_SPECSIG" use="I"/><pin id="FB6_MC15_PINA8" pinnum="A8" signal="A21_SPECSIG" use="I"/><pin id="FB6_MC16_PIND9" pinnum="D9" signal="B17_SPECSIG" use="I"/><pin id="FB6_MC17_PINB7" pinnum="B7" signal="A7_SPECSIG" use="I"/><pin id="FB7_MC2_PINN12" pinnum="N12" signal="Z5_SPECSIG" use="O"/><pin id="FB7_MC3_PINL12" pinnum="L12" signal="A14_SPECSIG" use="I"/><pin id="FB7_MC5_PINM13" pinnum="M13" signal="A29_SPECSIG" use="I"/><pin id="FB7_MC6_PINL13" pinnum="L13" signal="Z7_SPECSIG" use="O"/><pin id="FB7_MC7_PINK10" pinnum="K10" signal="A2_SPECSIG" use="I"/><pin id="FB7_MC8_PINK11" pinnum="K11" signal="A24_SPECSIG" use="I"/><pin id="FB7_MC9_PINK13" pinnum="K13"/><pin id="FB7_MC10_PINK12" pinnum="K12" signal="Z16_SPECSIG" use="O"/><pin id="FB7_MC11_PINJ11" pinnum="J11"/><pin id="FB7_MC12_PINH10" pinnum="H10"/><pin id="FB7_MC13_PINJ10" pinnum="J10" signal="Z4_SPECSIG" use="O"/><pin id="FB7_MC14_PINH11" pinnum="H11" signal="A27_SPECSIG" use="I"/><pin id="FB7_MC15_PINH12" pinnum="H12" signal="XLXI_2S15_8XLXI_1X3XLXI_2S15_8XLXI_1X3_D32__SPECSIG" use="b_SPECSIG"/><pin id="FB7_MC16_PINJ12" pinnum="J12" signal="Z6_SPECSIG" use="O"/><pin id="FB7_MC17_PINH13" pinnum="H13" signal="B20_SPECSIG" use="I"/><pin id="FB8_MC2_PING11" pinnum="G11" signal="O0" use="O"/><pin id="FB8_MC3_PINF11" pinnum="F11" use="b_SPECSIG"/><pin id="FB8_MC4_PINE13" pinnum="E13" signal="A0_SPECSIG" use="I"/><pin id="FB8_MC5_PING10" pinnum="G10" signal="A9_SPECSIG" use="I"/><pin id="FB8_MC6_PINF13" pinnum="F13" signal="Z1_SPECSIG" use="O"/><pin id="FB8_MC8_PINF12" pinnum="F12" signal="B3_SPECSIG" use="I"/><pin id="FB8_MC9_PINF10" pinnum="F10"/><pin id="FB8_MC10_PIND13" pinnum="D13" signal="B24_SPECSIG" use="I"/><pin id="FB8_MC11_PINE12" pinnum="E12" signal="Z8_SPECSIG" use="O"/><pin id="FB8_MC12_PINE10" pinnum="E10" signal="B21_SPECSIG" use="I"/><pin id="FB8_MC13_PIND11" pinnum="D11" signal="A12_SPECSIG" use="I"/><pin id="FB8_MC14_PIND12" pinnum="D12" signal="A3_SPECSIG" use="I"/><pin id="FB8_MC15_PINC13" pinnum="C13" signal="Z0_SPECSIG" use="O"/><pin id="FB8_MC16_PINB13" pinnum="B13" signal="B12_SPECSIG" use="I"/><pin id="FB8_MC17_PINC12" pinnum="C12" signal="A31_SPECSIG" use="I"/><fblock id="FB1" inputUse="20" pinUse="13"><macrocell id="FB1_MC1" pin="FB1_MC1_PINH3" pwr="LOW" sigUse="5" signal="XLXI_2S15_8C3XLXI_2S15_8C3_D2_SPECSIG"><pterms pt1="FB1_1_1" pt2="FB1_1_2" pt3="FB1_1_3" pt4="FB1_1_4" pt5="FB1_1_5"/></macrocell><macrocell id="FB1_MC2" pin="FB1_MC2_PINF1" pwr="LOW" sigUse="5" signal="O1"><pterms pt1="FB1_2_1" pt2="FB1_2_2" pt3="FB1_2_3" pt4="FB1_2_4" pt5="FB1_2_5"/></macrocell><macrocell id="FB1_MC3" pin="FB1_MC3_PING2"><pterms pt1="FB1_3_1" pt2="FB1_3_2"/></macrocell><macrocell id="FB1_MC4" pin="FB1_MC4_PINJ1"/><macrocell id="FB1_MC5" pin="FB1_MC5_PING3" pwr="LOW" sigUse="4" signal="Z15_SPECSIG"><pterms pt1="FB1_5_1" pt2="FB1_5_2" pt3="FB1_5_3" pt4="FB1_5_4"/></macrocell><macrocell id="FB1_MC6" pin="FB1_MC6_PING4"/><macrocell id="FB1_MC7"/><macrocell id="FB1_MC8" pin="FB1_MC8_PINH1" pwr="LOW" sigUse="4" signal="Z31_SPECSIG"><pterms pt1="FB1_8_1" pt2="FB1_8_2" pt3="FB1_8_3" pt4="FB1_8_4"/></macrocell><macrocell id="FB1_MC9" pin="FB1_MC9_PINH2"/><macrocell id="FB1_MC10" pin="FB1_MC10_PINK3"/><macrocell id="FB1_MC11" pin="FB1_MC11_PINH4" pwr="LOW" sigUse="3" signal="Z14_SPECSIG"><pterms pt1="FB1_11_1" pt2="FB1_11_2" pt3="FB1_11_3"/></macrocell><macrocell id="FB1_MC12" pin="FB1_MC12_PINJ2"/><macrocell id="FB1_MC13"/><macrocell id="FB1_MC14" pin="FB1_MC14_PINJ3"/><macrocell id="FB1_MC15" pin="FB1_MC15_PINJ4" pwr="LOW" sigUse="3" signal="Z30_SPECSIG"><pterms pt1="FB1_15_1" pt2="FB1_15_2" pt3="FB1_15_3"/></macrocell><macrocell id="FB1_MC16" pin="FB1_MC16_PINM1"/><macrocell id="FB1_MC17" pin="FB1_MC17_PINK2"><pterms pt1="FB1_17_1" pt2="FB1_17_2" pt3="FB1_17_3"/></macrocell><macrocell id="FB1_MC18" pwr="LOW" sigUse="5" signal="XLXI_1XLXI_1C3XLXI_1XLXI_1C3_D2_SPECSIG"><pterms pt1="FB1_18_1" pt2="FB1_18_2" pt3="FB1_18_3" pt4="FB1_18_4" pt5="FB1_18_5"/></macrocell><fbinput id="FB1_I1" signal="A14_SPECSIG"/><fbinput id="FB1_I2" signal="A26_SPECSIG"/><fbinput id="FB1_I3" signal="A27_SPECSIG"/><fbinput id="FB1_I4" signal="A2_SPECSIG"/><fbinput id="FB1_I5" signal="A30_SPECSIG"/><fbinput id="FB1_I6" signal="A31_SPECSIG"/><fbinput id="FB1_I7" signal="A3_SPECSIG"/><fbinput id="FB1_I8" signal="B14_SPECSIG"/><fbinput id="FB1_I9" signal="B26_SPECSIG"/><fbinput id="FB1_I10" signal="B27_SPECSIG"/><fbinput id="FB1_I11" signal="B2_SPECSIG"/><fbinput id="FB1_I12" signal="B30_SPECSIG"/><fbinput id="FB1_I13" signal="B31_SPECSIG"/><fbinput id="FB1_I14" signal="B3_SPECSIG"/><fbinput id="FB1_I15" signal="XLXI_1S15_8S7_4X3XLXI_1S15_8S7_4X3_D14__SPECSIG"/><fbinput id="FB1_I16" signal="XLXI_1S15_8S7_4XLXN_34XLXI_1S15_8S7_4XLXN_34_D2_SPECSIG"/><fbinput id="FB1_I17" signal="XLXI_1XLXI_1XLXI_1XLXN_34XLXI_1XLXI_1XLXI_1XLXN_34_D2_SPECSIG"/><fbinput id="FB1_I18" signal="XLXI_2S15_8S7_4X3XLXI_2S15_8S7_4X3_D60__SPECSIG"/><fbinput id="FB1_I19" signal="XLXI_2S15_8S7_4XLXN_34XLXI_2S15_8S7_4XLXN_34_D2_SPECSIG"/><fbinput id="FB1_I20" signal="XLXI_2S15_8XLXI_1XLXN_34XLXI_2S15_8XLXI_1XLXN_34_D2_SPECSIG"/><pterm id="FB1_1_1"><signal id="B27_SPECSIG"/><signal id="A27_SPECSIG"/></pterm><pterm id="FB1_1_2"><signal id="B26_SPECSIG"/><signal id="A26_SPECSIG"/><signal id="B27_SPECSIG"/></pterm><pterm id="FB1_1_3"><signal id="B26_SPECSIG"/><signal id="A26_SPECSIG"/><signal id="A27_SPECSIG"/></pterm><pterm id="FB1_1_4"><signal id="B26_SPECSIG"/><signal id="A27_SPECSIG"/><signal id="XLXI_2S15_8XLXI_1XLXN_34XLXI_2S15_8XLXI_1XLXN_34_D2_SPECSIG"/></pterm><pterm id="FB1_1_5"><signal id="A26_SPECSIG"/><signal id="A27_SPECSIG"/><signal id="XLXI_2S15_8XLXI_1XLXN_34XLXI_2S15_8XLXI_1XLXN_34_D2_SPECSIG"/></pterm><pterm id="FB1_2_1"><signal id="B31_SPECSIG"/><signal id="A31_SPECSIG"/><signal id="B30_SPECSIG" negated="ON"/><signal id="A30_SPECSIG" negated="ON"/></pterm><pterm id="FB1_2_2"><signal id="B31_SPECSIG"/><signal id="A31_SPECSIG"/><signal id="B30_SPECSIG" negated="ON"/><signal id="XLXI_2S15_8S7_4XLXN_34XLXI_2S15_8S7_4XLXN_34_D2_SPECSIG" negated="ON"/></pterm><pterm id="FB1_2_3"><signal id="B31_SPECSIG"/><signal id="A31_SPECSIG"/><signal id="A30_SPECSIG" negated="ON"/><signal id="XLXI_2S15_8S7_4XLXN_34XLXI_2S15_8S7_4XLXN_34_D2_SPECSIG" negated="ON"/></pterm><pterm id="FB1_2_4"><signal id="B31_SPECSIG" negated="ON"/><signal id="A31_SPECSIG" negated="ON"/><signal id="B30_SPECSIG"/><signal id="A30_SPECSIG"/></pterm><pterm id="FB1_2_5"><signal id="B26_SPECSIG"/><signal id="B27_SPECSIG"/><signal id="XLXI_2S15_8XLXI_1XLXN_34XLXI_2S15_8XLXI_1XLXN_34_D2_SPECSIG"/></pterm><pterm id="FB1_3_1"><signal id="B31_SPECSIG" negated="ON"/><signal id="A31_SPECSIG" negated="ON"/><signal id="B30_SPECSIG"/><signal id="XLXI_2S15_8S7_4XLXN_34XLXI_2S15_8S7_4XLXN_34_D2_SPECSIG"/></pterm><pterm id="FB1_3_2"><signal id="B31_SPECSIG" negated="ON"/><signal id="A31_SPECSIG" negated="ON"/><signal id="A30_SPECSIG"/><signal id="XLXI_2S15_8S7_4XLXN_34XLXI_2S15_8S7_4XLXN_34_D2_SPECSIG"/></pterm><pterm id="FB1_5_1"><signal id="XLXI_1S15_8S7_4X3XLXI_1S15_8S7_4X3_D14__SPECSIG"/></pterm><pterm id="FB1_5_2"><signal id="B14_SPECSIG"/><signal id="A14_SPECSIG"/></pterm><pterm id="FB1_5_3"><signal id="B14_SPECSIG"/><signal id="XLXI_1S15_8S7_4XLXN_34XLXI_1S15_8S7_4XLXN_34_D2_SPECSIG"/></pterm><pterm id="FB1_5_4"><signal id="A14_SPECSIG"/><signal id="XLXI_1S15_8S7_4XLXN_34XLXI_1S15_8S7_4XLXN_34_D2_SPECSIG"/></pterm><pterm id="FB1_8_1"><signal id="XLXI_2S15_8S7_4X3XLXI_2S15_8S7_4X3_D60__SPECSIG"/></pterm><pterm id="FB1_8_2"><signal id="B30_SPECSIG"/><signal id="A30_SPECSIG"/></pterm><pterm id="FB1_8_3"><signal id="B30_SPECSIG"/><signal id="XLXI_2S15_8S7_4XLXN_34XLXI_2S15_8S7_4XLXN_34_D2_SPECSIG"/></pterm><pterm id="FB1_8_4"><signal id="A30_SPECSIG"/><signal id="XLXI_2S15_8S7_4XLXN_34XLXI_2S15_8S7_4XLXN_34_D2_SPECSIG"/></pterm><pterm id="FB1_11_1"><signal id="A14_SPECSIG"/></pterm><pterm id="FB1_11_2"><signal id="B14_SPECSIG"/><signal id="XLXI_1S15_8S7_4XLXN_34XLXI_1S15_8S7_4XLXN_34_D2_SPECSIG"/></pterm><pterm id="FB1_11_3"><signal id="B14_SPECSIG" negated="ON"/><signal id="XLXI_1S15_8S7_4XLXN_34XLXI_1S15_8S7_4XLXN_34_D2_SPECSIG" negated="ON"/></pterm><pterm id="FB1_15_1"><signal id="A30_SPECSIG"/></pterm><pterm id="FB1_15_2"><signal id="B30_SPECSIG"/><signal id="XLXI_2S15_8S7_4XLXN_34XLXI_2S15_8S7_4XLXN_34_D2_SPECSIG"/></pterm><pterm id="FB1_15_3"><signal id="B30_SPECSIG" negated="ON"/><signal id="XLXI_2S15_8S7_4XLXN_34XLXI_2S15_8S7_4XLXN_34_D2_SPECSIG" negated="ON"/></pterm><pterm id="FB1_17_1"><signal id="B2_SPECSIG"/><signal id="A2_SPECSIG"/><signal id="B3_SPECSIG"/></pterm><pterm id="FB1_17_2"><signal id="B2_SPECSIG"/><signal id="B3_SPECSIG"/><signal id="XLXI_1XLXI_1XLXI_1XLXN_34XLXI_1XLXI_1XLXI_1XLXN_34_D2_SPECSIG"/></pterm><pterm id="FB1_17_3"><signal id="A2_SPECSIG"/><signal id="B3_SPECSIG"/><signal id="XLXI_1XLXI_1XLXI_1XLXN_34XLXI_1XLXI_1XLXI_1XLXN_34_D2_SPECSIG"/></pterm><pterm id="FB1_18_1"><signal id="B3_SPECSIG"/><signal id="A3_SPECSIG"/></pterm><pterm id="FB1_18_2"><signal id="B2_SPECSIG"/><signal id="A2_SPECSIG"/><signal id="A3_SPECSIG"/></pterm><pterm id="FB1_18_3"><signal id="B2_SPECSIG"/><signal id="A3_SPECSIG"/><signal id="XLXI_1XLXI_1XLXI_1XLXN_34XLXI_1XLXI_1XLXI_1XLXN_34_D2_SPECSIG"/></pterm><pterm id="FB1_18_4"><signal id="A2_SPECSIG"/><signal id="A3_SPECSIG"/><signal id="XLXI_1XLXI_1XLXI_1XLXN_34XLXI_1XLXI_1XLXI_1XLXN_34_D2_SPECSIG"/></pterm><pterm id="FB1_18_5"><signal id="A26_SPECSIG"/><signal id="B27_SPECSIG"/><signal id="XLXI_2S15_8XLXI_1XLXN_34XLXI_2S15_8XLXI_1XLXN_34_D2_SPECSIG"/></pterm><equation id="XLXI_2S15_8C3XLXI_2S15_8C3_D2_SPECSIG"><d2><eq_pterm ptindx="FB1_1_1"/><eq_pterm ptindx="FB1_1_2"/><eq_pterm ptindx="FB1_1_3"/><eq_pterm ptindx="FB1_1_4"/><eq_pterm ptindx="FB1_1_5"/><eq_pterm import="1" ptindx="FB1_2_5"/><eq_pterm import="1" ptindx="FB1_18_5"/></d2></equation><equation id="O1"><d2><eq_pterm ptindx="FB1_2_1"/><eq_pterm ptindx="FB1_2_2"/><eq_pterm ptindx="FB1_2_3"/><eq_pterm ptindx="FB1_2_4"/><eq_pterm import="1" ptindx="FB1_3_1"/><eq_pterm import="1" ptindx="FB1_3_2"/></d2></equation><equation id="Z15_SPECSIG"><d1><eq_pterm ptindx="FB1_5_1"/></d1><d2><eq_pterm ptindx="FB1_5_2"/><eq_pterm ptindx="FB1_5_3"/><eq_pterm ptindx="FB1_5_4"/></d2></equation><equation id="Z31_SPECSIG"><d1><eq_pterm ptindx="FB1_8_1"/></d1><d2><eq_pterm ptindx="FB1_8_2"/><eq_pterm ptindx="FB1_8_3"/><eq_pterm ptindx="FB1_8_4"/></d2></equation><equation id="Z14_SPECSIG" negated="ON"><d1><eq_pterm ptindx="FB1_11_1"/></d1><d2><eq_pterm ptindx="FB1_11_2"/><eq_pterm ptindx="FB1_11_3"/></d2></equation><equation id="Z30_SPECSIG" negated="ON"><d1><eq_pterm ptindx="FB1_15_1"/></d1><d2><eq_pterm ptindx="FB1_15_2"/><eq_pterm ptindx="FB1_15_3"/></d2></equation><equation id="XLXI_1XLXI_1C3XLXI_1XLXI_1C3_D2_SPECSIG"><d2><eq_pterm ptindx="FB1_18_1"/><eq_pterm ptindx="FB1_18_2"/><eq_pterm ptindx="FB1_18_3"/><eq_pterm ptindx="FB1_18_4"/><eq_pterm import="1" ptindx="FB1_17_1"/><eq_pterm import="1" ptindx="FB1_17_2"/><eq_pterm import="1" ptindx="FB1_17_3"/></d2></equation></fblock><fblock id="FB2" inputUse="20" pinUse="15"><macrocell id="FB2_MC1" pin="FB2_MC1_PINC3"><pterms pt1="FB2_1_1" pt2="FB2_1_2"/></macrocell><macrocell id="FB2_MC2" pin="FB2_MC2_PINA2"/><macrocell id="FB2_MC3"/><macrocell id="FB2_MC4" pin="FB2_MC4_PINC1" pwr="LOW" sigUse="4" signal="Z11_SPECSIG"><pterms pt1="FB2_4_1" pt2="FB2_4_2" pt3="FB2_4_3" pt4="FB2_4_4"/></macrocell><macrocell id="FB2_MC5" pin="FB2_MC5_PINB1"/><macrocell id="FB2_MC6" pin="FB2_MC6_PINC2"/><macrocell id="FB2_MC7"/><macrocell id="FB2_MC8" pin="FB2_MC8_PIND4"/><macrocell id="FB2_MC9" pin="FB2_MC9_PIND3"/><macrocell id="FB2_MC10" pin="FB2_MC10_PIND2" pwr="LOW" sigUse="4" signal="Z13_SPECSIG"><pterms pt1="FB2_10_1" pt2="FB2_10_2" pt3="FB2_10_3" pt4="FB2_10_4"/></macrocell><macrocell id="FB2_MC11" pin="FB2_MC11_PINE4"/><macrocell id="FB2_MC12" pin="FB2_MC12_PINE3"/><macrocell id="FB2_MC13" pin="FB2_MC13_PINE1" pwr="LOW" sigUse="4" signal="Z9_SPECSIG"><pterms pt1="FB2_13_1" pt2="FB2_13_2" pt3="FB2_13_3" pt4="FB2_13_4"/></macrocell><macrocell id="FB2_MC14" pin="FB2_MC14_PINE2" pwr="LOW" sigUse="2" signal="XLXI_1XLXI_1S7_4X3XLXI_1XLXI_1S7_4X3_D22__SPECSIG"><pterms pt1="FB2_14_1" pt2="FB2_14_2"/></macrocell><macrocell id="FB2_MC15" pin="FB2_MC15_PINF4" pwr="LOW" sigUse="2" signal="XLXI_1XLXI_1S7_4X1XLXI_1XLXI_1S7_4X1_D20__SPECSIG"><pterms pt1="FB2_15_1" pt2="FB2_15_2" pt3="FB2_15_3"/></macrocell><macrocell id="FB2_MC16" pin="FB2_MC16_PINF3" pwr="LOW" sigUse="5" signal="XLXI_1S15_8S7_4XLXN_34XLXI_1S15_8S7_4XLXN_34_D2_SPECSIG"><pterms pt1="FB2_16_1" pt2="FB2_16_2" pt3="FB2_16_3" pt4="FB2_16_4" pt5="FB2_16_5"/></macrocell><macrocell id="FB2_MC17" pin="FB2_MC17_PINF2" pwr="LOW" sigUse="3" signal="Z10_SPECSIG"><pterms pt1="FB2_17_1" pt2="FB2_17_2" pt3="FB2_17_3" pt4="FB2_17_4"/></macrocell><macrocell id="FB2_MC18" pwr="LOW" sigUse="5" signal="XLXI_1S15_8C3XLXI_1S15_8C3_D2_SPECSIG"><pterms pt1="FB2_18_1" pt2="FB2_18_2" pt3="FB2_18_3" pt4="FB2_18_4" pt5="FB2_18_5"/></macrocell><fbinput id="FB2_I1" signal="A10_SPECSIG"/><fbinput id="FB2_I2" signal="A11_SPECSIG"/><fbinput id="FB2_I3" signal="A12_SPECSIG"/><fbinput id="FB2_I4" signal="A13_SPECSIG"/><fbinput id="FB2_I5" signal="A5_SPECSIG"/><fbinput id="FB2_I6" signal="A7_SPECSIG"/><fbinput id="FB2_I7" signal="A8_SPECSIG"/><fbinput id="FB2_I8" signal="B10_SPECSIG"/><fbinput id="FB2_I9" signal="B11_SPECSIG"/><fbinput id="FB2_I10" signal="B12_SPECSIG"/><fbinput id="FB2_I11" signal="B13_SPECSIG"/><fbinput id="FB2_I12" signal="B5_SPECSIG"/><fbinput id="FB2_I13" signal="B7_SPECSIG"/><fbinput id="FB2_I14" signal="B8_SPECSIG"/><fbinput id="FB2_I15" signal="XLXI_1S15_8S7_4X1XLXI_1S15_8S7_4X1_D12__SPECSIG"/><fbinput id="FB2_I16" signal="XLXI_1S15_8XLXI_1X1XLXI_1S15_8XLXI_1X1_D16__SPECSIG"/><fbinput id="FB2_I17" signal="XLXI_1S15_8XLXI_1X3XLXI_1S15_8XLXI_1X3_D18__SPECSIG"/><fbinput id="FB2_I18" signal="XLXI_1S15_8XLXI_1XLXN_34XLXI_1S15_8XLXI_1XLXN_34_D2_SPECSIG"/><fbinput id="FB2_I19" signal="Z12_SPECSIG"/><fbinput id="FB2_I20" signal="Z8_SPECSIG"/><pterm id="FB2_1_1"><signal id="B10_SPECSIG"/><signal id="B11_SPECSIG"/><signal id="XLXI_1S15_8XLXI_1XLXN_34XLXI_1S15_8XLXI_1XLXN_34_D2_SPECSIG"/></pterm><pterm id="FB2_1_2"><signal id="A10_SPECSIG"/><signal id="B11_SPECSIG"/><signal id="XLXI_1S15_8XLXI_1XLXN_34XLXI_1S15_8XLXI_1XLXN_34_D2_SPECSIG"/></pterm><pterm id="FB2_4_1"><signal id="XLXI_1S15_8XLXI_1X3XLXI_1S15_8XLXI_1X3_D18__SPECSIG"/></pterm><pterm id="FB2_4_2"><signal id="B10_SPECSIG"/><signal id="A10_SPECSIG"/></pterm><pterm id="FB2_4_3"><signal id="B10_SPECSIG"/><signal id="XLXI_1S15_8XLXI_1XLXN_34XLXI_1S15_8XLXI_1XLXN_34_D2_SPECSIG"/></pterm><pterm id="FB2_4_4"><signal id="A10_SPECSIG"/><signal id="XLXI_1S15_8XLXI_1XLXN_34XLXI_1S15_8XLXI_1XLXN_34_D2_SPECSIG"/></pterm><pterm id="FB2_10_1"><signal id="XLXI_1S15_8S7_4X1XLXI_1S15_8S7_4X1_D12__SPECSIG"/></pterm><pterm id="FB2_10_2"><signal id="B12_SPECSIG"/><signal id="A12_SPECSIG"/></pterm><pterm id="FB2_10_3"><signal id="B12_SPECSIG"/><signal id="Z12_SPECSIG" negated="ON"/></pterm><pterm id="FB2_10_4"><signal id="A12_SPECSIG"/><signal id="Z12_SPECSIG" negated="ON"/></pterm><pterm id="FB2_13_1"><signal id="XLXI_1S15_8XLXI_1X1XLXI_1S15_8XLXI_1X1_D16__SPECSIG"/></pterm><pterm id="FB2_13_2"><signal id="B8_SPECSIG"/><signal id="A8_SPECSIG"/></pterm><pterm id="FB2_13_3"><signal id="B8_SPECSIG"/><signal id="Z8_SPECSIG" negated="ON"/></pterm><pterm id="FB2_13_4"><signal id="A8_SPECSIG"/><signal id="Z8_SPECSIG" negated="ON"/></pterm><pterm id="FB2_14_1"><signal id="A7_SPECSIG"/></pterm><pterm id="FB2_14_2"><signal id="B7_SPECSIG"/></pterm><pterm id="FB2_15_1"><signal id="A5_SPECSIG"/></pterm><pterm id="FB2_15_2"><signal id="B5_SPECSIG"/></pterm><pterm id="FB2_15_3"><signal id="A12_SPECSIG"/><signal id="B13_SPECSIG"/><signal id="Z12_SPECSIG" negated="ON"/></pterm><pterm id="FB2_16_1"><signal id="B13_SPECSIG"/><signal id="A13_SPECSIG"/></pterm><pterm id="FB2_16_2"><signal id="B12_SPECSIG"/><signal id="A12_SPECSIG"/><signal id="B13_SPECSIG"/></pterm><pterm id="FB2_16_3"><signal id="B12_SPECSIG"/><signal id="A12_SPECSIG"/><signal id="A13_SPECSIG"/></pterm><pterm id="FB2_16_4"><signal id="B12_SPECSIG"/><signal id="A13_SPECSIG"/><signal id="Z12_SPECSIG" negated="ON"/></pterm><pterm id="FB2_16_5"><signal id="A12_SPECSIG"/><signal id="A13_SPECSIG"/><signal id="Z12_SPECSIG" negated="ON"/></pterm><pterm id="FB2_17_1"><signal id="A10_SPECSIG"/></pterm><pterm id="FB2_17_2"><signal id="B10_SPECSIG"/><signal id="XLXI_1S15_8XLXI_1XLXN_34XLXI_1S15_8XLXI_1XLXN_34_D2_SPECSIG"/></pterm><pterm id="FB2_17_3"><signal id="B10_SPECSIG" negated="ON"/><signal id="XLXI_1S15_8XLXI_1XLXN_34XLXI_1S15_8XLXI_1XLXN_34_D2_SPECSIG" negated="ON"/></pterm><pterm id="FB2_17_4"><signal id="B12_SPECSIG"/><signal id="B13_SPECSIG"/><signal id="Z12_SPECSIG" negated="ON"/></pterm><pterm id="FB2_18_1"><signal id="B11_SPECSIG"/><signal id="A11_SPECSIG"/></pterm><pterm id="FB2_18_2"><signal id="B10_SPECSIG"/><signal id="A10_SPECSIG"/><signal id="B11_SPECSIG"/></pterm><pterm id="FB2_18_3"><signal id="B10_SPECSIG"/><signal id="A10_SPECSIG"/><signal id="A11_SPECSIG"/></pterm><pterm id="FB2_18_4"><signal id="B10_SPECSIG"/><signal id="A11_SPECSIG"/><signal id="XLXI_1S15_8XLXI_1XLXN_34XLXI_1S15_8XLXI_1XLXN_34_D2_SPECSIG"/></pterm><pterm id="FB2_18_5"><signal id="A10_SPECSIG"/><signal id="A11_SPECSIG"/><signal id="XLXI_1S15_8XLXI_1XLXN_34XLXI_1S15_8XLXI_1XLXN_34_D2_SPECSIG"/></pterm><equation id="Z11_SPECSIG"><d1><eq_pterm ptindx="FB2_4_1"/></d1><d2><eq_pterm ptindx="FB2_4_2"/><eq_pterm ptindx="FB2_4_3"/><eq_pterm ptindx="FB2_4_4"/></d2></equation><equation id="Z13_SPECSIG"><d1><eq_pterm ptindx="FB2_10_1"/></d1><d2><eq_pterm ptindx="FB2_10_2"/><eq_pterm ptindx="FB2_10_3"/><eq_pterm ptindx="FB2_10_4"/></d2></equation><equation id="Z9_SPECSIG"><d1><eq_pterm ptindx="FB2_13_1"/></d1><d2><eq_pterm ptindx="FB2_13_2"/><eq_pterm ptindx="FB2_13_3"/><eq_pterm ptindx="FB2_13_4"/></d2></equation><equation id="XLXI_1XLXI_1S7_4X3XLXI_1XLXI_1S7_4X3_D22__SPECSIG"><d1><eq_pterm ptindx="FB2_14_1"/></d1><d2><eq_pterm ptindx="FB2_14_2"/></d2></equation><equation id="XLXI_1XLXI_1S7_4X1XLXI_1XLXI_1S7_4X1_D20__SPECSIG"><d1><eq_pterm ptindx="FB2_15_1"/></d1><d2><eq_pterm ptindx="FB2_15_2"/></d2></equation><equation id="XLXI_1S15_8S7_4XLXN_34XLXI_1S15_8S7_4XLXN_34_D2_SPECSIG"><d2><eq_pterm ptindx="FB2_16_1"/><eq_pterm ptindx="FB2_16_2"/><eq_pterm ptindx="FB2_16_3"/><eq_pterm ptindx="FB2_16_4"/><eq_pterm ptindx="FB2_16_5"/><eq_pterm import="1" ptindx="FB2_15_3"/><eq_pterm import="1" ptindx="FB2_17_4"/></d2></equation><equation id="Z10_SPECSIG" negated="ON"><d1><eq_pterm ptindx="FB2_17_1"/></d1><d2><eq_pterm ptindx="FB2_17_2"/><eq_pterm ptindx="FB2_17_3"/></d2></equation><equation id="XLXI_1S15_8C3XLXI_1S15_8C3_D2_SPECSIG"><d2><eq_pterm ptindx="FB2_18_1"/><eq_pterm ptindx="FB2_18_2"/><eq_pterm ptindx="FB2_18_3"/><eq_pterm ptindx="FB2_18_4"/><eq_pterm ptindx="FB2_18_5"/><eq_pterm import="1" ptindx="FB2_1_1"/><eq_pterm import="1" ptindx="FB2_1_2"/></d2></equation></fblock><fblock id="FB3" inputUse="20" pinUse="11"><macrocell id="FB3_MC1" pin="FB3_MC1_PINM3" pwr="LOW" sigUse="4" signal="Z17_SPECSIG"><pterms pt1="FB3_1_1" pt2="FB3_1_2" pt3="FB3_1_3" pt4="FB3_1_4" pt5="FB3_1_5"/></macrocell><macrocell id="FB3_MC2" pin="FB3_MC2_PINL1"><pterms pt1="FB3_2_1" pt2="FB3_2_2"/></macrocell><macrocell id="FB3_MC3" pin="FB3_MC3_PINK4"/><macrocell id="FB3_MC4" pin="FB3_MC4_PINN4" pwr="LOW" sigUse="4" signal="Z19_SPECSIG"><pterms pt1="FB3_4_1" pt2="FB3_4_2" pt3="FB3_4_3" pt4="FB3_4_4"/></macrocell><macrocell id="FB3_MC5" pin="FB3_MC5_PINL2"/><macrocell id="FB3_MC6" pin="FB3_MC6_PINL3"/><macrocell id="FB3_MC7" pin="FB3_MC7_PINL5"/><macrocell id="FB3_MC8" pin="FB3_MC8_PINN2"/><macrocell id="FB3_MC9" pin="FB3_MC9_PINN3"/><macrocell id="FB3_MC10" pin="FB3_MC10_PINN5" pwr="LOW" sigUse="2" signal="XLXI_2XLXI_1XLXI_1X3XLXI_2XLXI_1XLXI_1X3_D40__SPECSIG"><pterms pt1="FB3_10_1" pt2="FB3_10_2"/></macrocell><macrocell id="FB3_MC11" pin="FB3_MC11_PINM4" pwr="LOW" sigUse="3" signal="Z18_SPECSIG"><pterms pt1="FB3_11_1" pt2="FB3_11_2" pt3="FB3_11_3"/></macrocell><macrocell id="FB3_MC12" pin="FB3_MC12_PINK5" pwr="LOW" sigUse="2" signal="XLXI_2XLXI_1XLXI_1X1XLXI_2XLXI_1XLXI_1X1_D38__SPECSIG"><pterms pt1="FB3_12_1" pt2="FB3_12_2"/></macrocell><macrocell id="FB3_MC13" pwr="LOW" sigUse="2" signal="XLXI_2S15_8S7_4X1XLXI_2S15_8S7_4X1_D27__SPECSIG"><pterms pt1="FB3_13_1" pt2="FB3_13_2"/></macrocell><macrocell id="FB3_MC14" pin="FB3_MC14_PINK6" pwr="LOW" sigUse="4" signal="Z29_SPECSIG"><pterms pt1="FB3_14_1" pt2="FB3_14_2" pt3="FB3_14_3" pt4="FB3_14_4"/></macrocell><macrocell id="FB3_MC15" pin="FB3_MC15_PINL6" pwr="LOW" sigUse="2" signal="XLXI_1XLXI_1XLXI_1X3XLXI_1XLXI_1XLXI_1X3_D25__SPECSIG"><pterms pt1="FB3_15_1" pt2="FB3_15_2" pt3="FB3_15_3" pt4="FB3_15_4" pt5="FB3_15_5"/></macrocell><macrocell id="FB3_MC16" pwr="LOW" sigUse="5" signal="XLXI_2XLXI_1XLXI_1XLXN_34XLXI_2XLXI_1XLXI_1XLXN_34_D2_SPECSIG"><pterms pt1="FB3_16_1" pt2="FB3_16_2" pt3="FB3_16_3" pt4="FB3_16_4" pt5="FB3_16_5"/></macrocell><macrocell id="FB3_MC17" pin="FB3_MC17_PINM6" pwr="LOW" sigUse="5" signal="XLXI_2XLXI_1C3XLXI_2XLXI_1C3_D2_SPECSIG"><pterms pt1="FB3_17_1" pt2="FB3_17_2" pt3="FB3_17_3" pt4="FB3_17_4" pt5="FB3_17_5"/></macrocell><macrocell id="FB3_MC18" pwr="LOW" sigUse="5" signal="XLXI_2S15_8S7_4XLXN_34XLXI_2S15_8S7_4XLXN_34_D2_SPECSIG"><pterms pt1="FB3_18_1" pt2="FB3_18_2" pt3="FB3_18_3" pt4="FB3_18_4" pt5="FB3_18_5"/></macrocell><fbinput id="FB3_I1" signal="A16_SPECSIG"/><fbinput id="FB3_I2" signal="A17_SPECSIG"/><fbinput id="FB3_I3" signal="A18_SPECSIG"/><fbinput id="FB3_I4" signal="A19_SPECSIG"/><fbinput id="FB3_I5" signal="A28_SPECSIG"/><fbinput id="FB3_I6" signal="A29_SPECSIG"/><fbinput id="FB3_I7" signal="A3_SPECSIG"/><fbinput id="FB3_I8" signal="B16_SPECSIG"/><fbinput id="FB3_I9" signal="B17_SPECSIG"/><fbinput id="FB3_I10" signal="B18_SPECSIG"/><fbinput id="FB3_I11" signal="B19_SPECSIG"/><fbinput id="FB3_I12" signal="B28_SPECSIG"/><fbinput id="FB3_I13" signal="B29_SPECSIG"/><fbinput id="FB3_I14" signal="B3_SPECSIG"/><fbinput id="FB3_I15" signal="XLXI_2S15_8S7_4X1XLXI_2S15_8S7_4X1_D27__SPECSIG"/><fbinput id="FB3_I16" signal="XLXI_2XLXI_1XLXI_1X1XLXI_2XLXI_1XLXI_1X1_D38__SPECSIG"/><fbinput id="FB3_I17" signal="XLXI_2XLXI_1XLXI_1X3XLXI_2XLXI_1XLXI_1X3_D40__SPECSIG"/><fbinput id="FB3_I18" signal="XLXI_2XLXI_1XLXI_1XLXN_34XLXI_2XLXI_1XLXI_1XLXN_34_D2_SPECSIG"/><fbinput id="FB3_I19" signal="Z16_SPECSIG"/><fbinput id="FB3_I20" signal="Z28_SPECSIG"/><pterm id="FB3_1_1"><signal id="XLXI_2XLXI_1XLXI_1X1XLXI_2XLXI_1XLXI_1X1_D38__SPECSIG"/></pterm><pterm id="FB3_1_2"><signal id="B16_SPECSIG"/><signal id="Z16_SPECSIG" negated="ON"/></pterm><pterm id="FB3_1_3"><signal id="B28_SPECSIG"/><signal id="A28_SPECSIG"/><signal id="B29_SPECSIG"/></pterm><pterm id="FB3_1_4"><signal id="B28_SPECSIG"/><signal id="B29_SPECSIG"/><signal id="Z28_SPECSIG" negated="ON"/></pterm><pterm id="FB3_1_5"><signal id="A28_SPECSIG"/><signal id="B29_SPECSIG"/><signal id="Z28_SPECSIG" negated="ON"/></pterm><pterm id="FB3_2_1"><signal id="B16_SPECSIG"/><signal id="A16_SPECSIG"/></pterm><pterm id="FB3_2_2"><signal id="A16_SPECSIG"/><signal id="Z16_SPECSIG" negated="ON"/></pterm><pterm id="FB3_4_1"><signal id="XLXI_2XLXI_1XLXI_1X3XLXI_2XLXI_1XLXI_1X3_D40__SPECSIG"/></pterm><pterm id="FB3_4_2"><signal id="B18_SPECSIG"/><signal id="A18_SPECSIG"/></pterm><pterm id="FB3_4_3"><signal id="B18_SPECSIG"/><signal id="XLXI_2XLXI_1XLXI_1XLXN_34XLXI_2XLXI_1XLXI_1XLXN_34_D2_SPECSIG"/></pterm><pterm id="FB3_4_4"><signal id="A18_SPECSIG"/><signal id="XLXI_2XLXI_1XLXI_1XLXN_34XLXI_2XLXI_1XLXI_1XLXN_34_D2_SPECSIG"/></pterm><pterm id="FB3_10_1"><signal id="A19_SPECSIG"/></pterm><pterm id="FB3_10_2"><signal id="B19_SPECSIG"/></pterm><pterm id="FB3_11_1"><signal id="A18_SPECSIG"/></pterm><pterm id="FB3_11_2"><signal id="B18_SPECSIG"/><signal id="XLXI_2XLXI_1XLXI_1XLXN_34XLXI_2XLXI_1XLXI_1XLXN_34_D2_SPECSIG"/></pterm><pterm id="FB3_11_3"><signal id="B18_SPECSIG" negated="ON"/><signal id="XLXI_2XLXI_1XLXI_1XLXN_34XLXI_2XLXI_1XLXI_1XLXN_34_D2_SPECSIG" negated="ON"/></pterm><pterm id="FB3_12_1"><signal id="A17_SPECSIG"/></pterm><pterm id="FB3_12_2"><signal id="B17_SPECSIG"/></pterm><pterm id="FB3_13_1"><signal id="A29_SPECSIG"/></pterm><pterm id="FB3_13_2"><signal id="B29_SPECSIG"/></pterm><pterm id="FB3_14_1"><signal id="XLXI_2S15_8S7_4X1XLXI_2S15_8S7_4X1_D27__SPECSIG"/></pterm><pterm id="FB3_14_2"><signal id="B28_SPECSIG"/><signal id="A28_SPECSIG"/></pterm><pterm id="FB3_14_3"><signal id="B28_SPECSIG"/><signal id="Z28_SPECSIG" negated="ON"/></pterm><pterm id="FB3_14_4"><signal id="A28_SPECSIG"/><signal id="Z28_SPECSIG" negated="ON"/></pterm><pterm id="FB3_15_1"><signal id="A3_SPECSIG"/></pterm><pterm id="FB3_15_2"><signal id="B3_SPECSIG"/></pterm><pterm id="FB3_15_3"><signal id="B16_SPECSIG"/><signal id="A16_SPECSIG"/><signal id="B17_SPECSIG"/></pterm><pterm id="FB3_15_4"><signal id="B16_SPECSIG"/><signal id="B17_SPECSIG"/><signal id="Z16_SPECSIG" negated="ON"/></pterm><pterm id="FB3_15_5"><signal id="A16_SPECSIG"/><signal id="B17_SPECSIG"/><signal id="Z16_SPECSIG" negated="ON"/></pterm><pterm id="FB3_16_1"><signal id="B17_SPECSIG"/><signal id="A17_SPECSIG"/></pterm><pterm id="FB3_16_2"><signal id="B16_SPECSIG"/><signal id="A16_SPECSIG"/><signal id="A17_SPECSIG"/></pterm><pterm id="FB3_16_3"><signal id="B16_SPECSIG"/><signal id="A17_SPECSIG"/><signal id="Z16_SPECSIG" negated="ON"/></pterm><pterm id="FB3_16_4"><signal id="A16_SPECSIG"/><signal id="A17_SPECSIG"/><signal id="Z16_SPECSIG" negated="ON"/></pterm><pterm id="FB3_16_5"><signal id="A18_SPECSIG"/><signal id="B19_SPECSIG"/><signal id="XLXI_2XLXI_1XLXI_1XLXN_34XLXI_2XLXI_1XLXI_1XLXN_34_D2_SPECSIG"/></pterm><pterm id="FB3_17_1"><signal id="B19_SPECSIG"/><signal id="A19_SPECSIG"/></pterm><pterm id="FB3_17_2"><signal id="B18_SPECSIG"/><signal id="A18_SPECSIG"/><signal id="B19_SPECSIG"/></pterm><pterm id="FB3_17_3"><signal id="B18_SPECSIG"/><signal id="A18_SPECSIG"/><signal id="A19_SPECSIG"/></pterm><pterm id="FB3_17_4"><signal id="B18_SPECSIG"/><signal id="A19_SPECSIG"/><signal id="XLXI_2XLXI_1XLXI_1XLXN_34XLXI_2XLXI_1XLXI_1XLXN_34_D2_SPECSIG"/></pterm><pterm id="FB3_17_5"><signal id="A18_SPECSIG"/><signal id="A19_SPECSIG"/><signal id="XLXI_2XLXI_1XLXI_1XLXN_34XLXI_2XLXI_1XLXI_1XLXN_34_D2_SPECSIG"/></pterm><pterm id="FB3_18_1"><signal id="B29_SPECSIG"/><signal id="A29_SPECSIG"/></pterm><pterm id="FB3_18_2"><signal id="B28_SPECSIG"/><signal id="A28_SPECSIG"/><signal id="A29_SPECSIG"/></pterm><pterm id="FB3_18_3"><signal id="B28_SPECSIG"/><signal id="A29_SPECSIG"/><signal id="Z28_SPECSIG" negated="ON"/></pterm><pterm id="FB3_18_4"><signal id="A28_SPECSIG"/><signal id="A29_SPECSIG"/><signal id="Z28_SPECSIG" negated="ON"/></pterm><pterm id="FB3_18_5"><signal id="B18_SPECSIG"/><signal id="B19_SPECSIG"/><signal id="XLXI_2XLXI_1XLXI_1XLXN_34XLXI_2XLXI_1XLXI_1XLXN_34_D2_SPECSIG"/></pterm><equation id="Z17_SPECSIG"><d1><eq_pterm ptindx="FB3_1_1"/></d1><d2><eq_pterm ptindx="FB3_1_2"/><eq_pterm import="1" ptindx="FB3_2_1"/><eq_pterm import="1" ptindx="FB3_2_2"/></d2></equation><equation id="Z19_SPECSIG"><d1><eq_pterm ptindx="FB3_4_1"/></d1><d2><eq_pterm ptindx="FB3_4_2"/><eq_pterm ptindx="FB3_4_3"/><eq_pterm ptindx="FB3_4_4"/></d2></equation><equation id="XLXI_2XLXI_1XLXI_1X3XLXI_2XLXI_1XLXI_1X3_D40__SPECSIG"><d1><eq_pterm ptindx="FB3_10_1"/></d1><d2><eq_pterm ptindx="FB3_10_2"/></d2></equation><equation id="Z18_SPECSIG" negated="ON"><d1><eq_pterm ptindx="FB3_11_1"/></d1><d2><eq_pterm ptindx="FB3_11_2"/><eq_pterm ptindx="FB3_11_3"/></d2></equation><equation id="XLXI_2XLXI_1XLXI_1X1XLXI_2XLXI_1XLXI_1X1_D38__SPECSIG"><d1><eq_pterm ptindx="FB3_12_1"/></d1><d2><eq_pterm ptindx="FB3_12_2"/></d2></equation><equation id="XLXI_2S15_8S7_4X1XLXI_2S15_8S7_4X1_D27__SPECSIG"><d1><eq_pterm ptindx="FB3_13_1"/></d1><d2><eq_pterm ptindx="FB3_13_2"/></d2></equation><equation id="Z29_SPECSIG"><d1><eq_pterm ptindx="FB3_14_1"/></d1><d2><eq_pterm ptindx="FB3_14_2"/><eq_pterm ptindx="FB3_14_3"/><eq_pterm ptindx="FB3_14_4"/></d2></equation><equation id="XLXI_1XLXI_1XLXI_1X3XLXI_1XLXI_1XLXI_1X3_D25__SPECSIG"><d1><eq_pterm ptindx="FB3_15_1"/></d1><d2><eq_pterm ptindx="FB3_15_2"/></d2></equation><equation id="XLXI_2XLXI_1XLXI_1XLXN_34XLXI_2XLXI_1XLXI_1XLXN_34_D2_SPECSIG"><d2><eq_pterm ptindx="FB3_16_1"/><eq_pterm ptindx="FB3_16_2"/><eq_pterm ptindx="FB3_16_3"/><eq_pterm ptindx="FB3_16_4"/><eq_pterm import="1" ptindx="FB3_15_3"/><eq_pterm import="1" ptindx="FB3_15_4"/><eq_pterm import="1" ptindx="FB3_15_5"/></d2></equation><equation id="XLXI_2XLXI_1C3XLXI_2XLXI_1C3_D2_SPECSIG"><d2><eq_pterm ptindx="FB3_17_1"/><eq_pterm ptindx="FB3_17_2"/><eq_pterm ptindx="FB3_17_3"/><eq_pterm ptindx="FB3_17_4"/><eq_pterm ptindx="FB3_17_5"/><eq_pterm import="1" ptindx="FB3_16_5"/><eq_pterm import="1" ptindx="FB3_18_5"/></d2></equation><equation id="XLXI_2S15_8S7_4XLXN_34XLXI_2S15_8S7_4XLXN_34_D2_SPECSIG"><d2><eq_pterm ptindx="FB3_18_1"/><eq_pterm ptindx="FB3_18_2"/><eq_pterm ptindx="FB3_18_3"/><eq_pterm ptindx="FB3_18_4"/><eq_pterm import="1" ptindx="FB3_1_3"/><eq_pterm import="1" ptindx="FB3_1_4"/><eq_pterm import="1" ptindx="FB3_1_5"/></d2></equation></fblock><fblock id="FB4" inputUse="20" pinUse="13"><macrocell id="FB4_MC1" pin="FB4_MC1_PINC9"><pterms pt1="FB4_1_1" pt2="FB4_1_2"/></macrocell><macrocell id="FB4_MC2" pin="FB4_MC2_PINA7" pwr="LOW" sigUse="4" signal="Z21_SPECSIG"><pterms pt1="FB4_2_1" pt2="FB4_2_2" pt3="FB4_2_3" pt4="FB4_2_4"/></macrocell><macrocell id="FB4_MC3" pin="FB4_MC3_PINA5"/><macrocell id="FB4_MC4"/><macrocell id="FB4_MC5" pin="FB4_MC5_PIND7" pwr="LOW" sigUse="4" signal="Z23_SPECSIG"><pterms pt1="FB4_5_1" pt2="FB4_5_2" pt3="FB4_5_3" pt4="FB4_5_4"/></macrocell><macrocell id="FB4_MC6" pin="FB4_MC6_PINA6"/><macrocell id="FB4_MC7"/><macrocell id="FB4_MC8" pin="FB4_MC8_PINB6"/><macrocell id="FB4_MC9" pin="FB4_MC9_PINC6" pwr="LOW" sigUse="3" signal="Z12_SPECSIG"><pterms pt1="FB4_9_1" pt2="FB4_9_2" pt3="FB4_9_3"/></macrocell><macrocell id="FB4_MC10" pin="FB4_MC10_PINC5"/><macrocell id="FB4_MC11" pin="FB4_MC11_PIND6" pwr="LOW" sigUse="2" signal="XLXI_2XLXI_1S7_4X3XLXI_2XLXI_1S7_4X3_D36__SPECSIG"><pterms pt1="FB4_11_1" pt2="FB4_11_2"/></macrocell><macrocell id="FB4_MC12" pin="FB4_MC12_PINB5" pwr="LOW" sigUse="3" signal="Z20_SPECSIG"><pterms pt1="FB4_12_1" pt2="FB4_12_2" pt3="FB4_12_3"/></macrocell><macrocell id="FB4_MC13" pin="FB4_MC13_PINA4" pwr="LOW" sigUse="2" signal="XLXI_2XLXI_1S7_4X1XLXI_2XLXI_1S7_4X1_D34__SPECSIG"><pterms pt1="FB4_13_1" pt2="FB4_13_2"/></macrocell><macrocell id="FB4_MC14" pin="FB4_MC14_PIND5" pwr="LOW" sigUse="2" signal="XLXI_2S15_8XLXI_1X1XLXI_2S15_8XLXI_1X1_D30__SPECSIG"><pterms pt1="FB4_14_1" pt2="FB4_14_2"/></macrocell><macrocell id="FB4_MC15" pin="FB4_MC15_PINB4" pwr="LOW" sigUse="3" signal="Z22_SPECSIG"><pterms pt1="FB4_15_1" pt2="FB4_15_2" pt3="FB4_15_3"/></macrocell><macrocell id="FB4_MC16" pin="FB4_MC16_PINC4" pwr="LOW" sigUse="2" signal="XLXI_2S15_8S7_4X3XLXI_2S15_8S7_4X3_D60__SPECSIG"><pterms pt1="FB4_16_1" pt2="FB4_16_2" pt3="FB4_16_3" pt4="FB4_16_4"/></macrocell><macrocell id="FB4_MC17" pin="FB4_MC17_PINA3" pwr="LOW" sigUse="5" signal="XLXI_2XLXI_1S7_4XLXN_34XLXI_2XLXI_1S7_4XLXN_34_D2_SPECSIG"><pterms pt1="FB4_17_1" pt2="FB4_17_2" pt3="FB4_17_3" pt4="FB4_17_4" pt5="FB4_17_5"/></macrocell><macrocell id="FB4_MC18" pwr="LOW" sigUse="5" signal="XLXI_2C7XLXI_2C7_D2_SPECSIG"><pterms pt1="FB4_18_1" pt2="FB4_18_2" pt3="FB4_18_3" pt4="FB4_18_4" pt5="FB4_18_5"/></macrocell><fbinput id="FB4_I1" signal="A12_SPECSIG"/><fbinput id="FB4_I2" signal="A20_SPECSIG"/><fbinput id="FB4_I3" signal="A21_SPECSIG"/><fbinput id="FB4_I4" signal="A22_SPECSIG"/><fbinput id="FB4_I5" signal="A23_SPECSIG"/><fbinput id="FB4_I6" signal="A25_SPECSIG"/><fbinput id="FB4_I7" signal="A31_SPECSIG"/><fbinput id="FB4_I8" signal="B12_SPECSIG"/><fbinput id="FB4_I9" signal="B20_SPECSIG"/><fbinput id="FB4_I10" signal="B21_SPECSIG"/><fbinput id="FB4_I11" signal="B22_SPECSIG"/><fbinput id="FB4_I12" signal="B23_SPECSIG"/><fbinput id="FB4_I13" signal="B25_SPECSIG"/><fbinput id="FB4_I14" signal="B31_SPECSIG"/><fbinput id="FB4_I15" signal="XLXI_1S15_8C3XLXI_1S15_8C3_D2_SPECSIG"/><fbinput id="FB4_I16" signal="XLXI_2XLXI_1C3XLXI_2XLXI_1C3_D2_SPECSIG"/><fbinput id="FB4_I17" signal="XLXI_2XLXI_1S7_4X1XLXI_2XLXI_1S7_4X1_D34__SPECSIG"/><fbinput id="FB4_I18" signal="XLXI_2XLXI_1S7_4X3XLXI_2XLXI_1S7_4X3_D36__SPECSIG"/><fbinput id="FB4_I19" signal="XLXI_2XLXI_1S7_4XLXN_34XLXI_2XLXI_1S7_4XLXN_34_D2_SPECSIG"/><fbinput id="FB4_I20" signal="Z20_SPECSIG"/><pterm id="FB4_1_1"><signal id="B22_SPECSIG"/><signal id="B23_SPECSIG"/><signal id="XLXI_2XLXI_1S7_4XLXN_34XLXI_2XLXI_1S7_4XLXN_34_D2_SPECSIG"/></pterm><pterm id="FB4_1_2"><signal id="A22_SPECSIG"/><signal id="B23_SPECSIG"/><signal id="XLXI_2XLXI_1S7_4XLXN_34XLXI_2XLXI_1S7_4XLXN_34_D2_SPECSIG"/></pterm><pterm id="FB4_2_1"><signal id="XLXI_2XLXI_1S7_4X1XLXI_2XLXI_1S7_4X1_D34__SPECSIG"/></pterm><pterm id="FB4_2_2"><signal id="B20_SPECSIG"/><signal id="A20_SPECSIG"/></pterm><pterm id="FB4_2_3"><signal id="B20_SPECSIG"/><signal id="Z20_SPECSIG" negated="ON"/></pterm><pterm id="FB4_2_4"><signal id="A20_SPECSIG"/><signal id="Z20_SPECSIG" negated="ON"/></pterm><pterm id="FB4_5_1"><signal id="XLXI_2XLXI_1S7_4X3XLXI_2XLXI_1S7_4X3_D36__SPECSIG"/></pterm><pterm id="FB4_5_2"><signal id="B22_SPECSIG"/><signal id="A22_SPECSIG"/></pterm><pterm id="FB4_5_3"><signal id="B22_SPECSIG"/><signal id="XLXI_2XLXI_1S7_4XLXN_34XLXI_2XLXI_1S7_4XLXN_34_D2_SPECSIG"/></pterm><pterm id="FB4_5_4"><signal id="A22_SPECSIG"/><signal id="XLXI_2XLXI_1S7_4XLXN_34XLXI_2XLXI_1S7_4XLXN_34_D2_SPECSIG"/></pterm><pterm id="FB4_9_1"><signal id="A12_SPECSIG"/></pterm><pterm id="FB4_9_2"><signal id="B12_SPECSIG"/><signal id="XLXI_1S15_8C3XLXI_1S15_8C3_D2_SPECSIG"/></pterm><pterm id="FB4_9_3"><signal id="B12_SPECSIG" negated="ON"/><signal id="XLXI_1S15_8C3XLXI_1S15_8C3_D2_SPECSIG" negated="ON"/></pterm><pterm id="FB4_11_1"><signal id="A23_SPECSIG"/></pterm><pterm id="FB4_11_2"><signal id="B23_SPECSIG"/></pterm><pterm id="FB4_12_1"><signal id="A20_SPECSIG"/></pterm><pterm id="FB4_12_2"><signal id="B20_SPECSIG"/><signal id="XLXI_2XLXI_1C3XLXI_2XLXI_1C3_D2_SPECSIG"/></pterm><pterm id="FB4_12_3"><signal id="B20_SPECSIG" negated="ON"/><signal id="XLXI_2XLXI_1C3XLXI_2XLXI_1C3_D2_SPECSIG" negated="ON"/></pterm><pterm id="FB4_13_1"><signal id="A21_SPECSIG"/></pterm><pterm id="FB4_13_2"><signal id="B21_SPECSIG"/></pterm><pterm id="FB4_14_1"><signal id="A25_SPECSIG"/></pterm><pterm id="FB4_14_2"><signal id="B25_SPECSIG"/></pterm><pterm id="FB4_15_1"><signal id="A22_SPECSIG"/></pterm><pterm id="FB4_15_2"><signal id="B22_SPECSIG"/><signal id="XLXI_2XLXI_1S7_4XLXN_34XLXI_2XLXI_1S7_4XLXN_34_D2_SPECSIG"/></pterm><pterm id="FB4_15_3"><signal id="B22_SPECSIG" negated="ON"/><signal id="XLXI_2XLXI_1S7_4XLXN_34XLXI_2XLXI_1S7_4XLXN_34_D2_SPECSIG" negated="ON"/></pterm><pterm id="FB4_16_1"><signal id="A31_SPECSIG"/></pterm><pterm id="FB4_16_2"><signal id="B31_SPECSIG"/></pterm><pterm id="FB4_16_3"><signal id="B20_SPECSIG"/><signal id="B21_SPECSIG"/><signal id="Z20_SPECSIG" negated="ON"/></pterm><pterm id="FB4_16_4"><signal id="A20_SPECSIG"/><signal id="B21_SPECSIG"/><signal id="Z20_SPECSIG" negated="ON"/></pterm><pterm id="FB4_17_1"><signal id="B21_SPECSIG"/><signal id="A21_SPECSIG"/></pterm><pterm id="FB4_17_2"><signal id="B20_SPECSIG"/><signal id="A20_SPECSIG"/><signal id="B21_SPECSIG"/></pterm><pterm id="FB4_17_3"><signal id="B20_SPECSIG"/><signal id="A20_SPECSIG"/><signal id="A21_SPECSIG"/></pterm><pterm id="FB4_17_4"><signal id="B20_SPECSIG"/><signal id="A21_SPECSIG"/><signal id="Z20_SPECSIG" negated="ON"/></pterm><pterm id="FB4_17_5"><signal id="A20_SPECSIG"/><signal id="A21_SPECSIG"/><signal id="Z20_SPECSIG" negated="ON"/></pterm><pterm id="FB4_18_1"><signal id="B23_SPECSIG"/><signal id="A23_SPECSIG"/></pterm><pterm id="FB4_18_2"><signal id="B22_SPECSIG"/><signal id="A22_SPECSIG"/><signal id="B23_SPECSIG"/></pterm><pterm id="FB4_18_3"><signal id="B22_SPECSIG"/><signal id="A22_SPECSIG"/><signal id="A23_SPECSIG"/></pterm><pterm id="FB4_18_4"><signal id="B22_SPECSIG"/><signal id="A23_SPECSIG"/><signal id="XLXI_2XLXI_1S7_4XLXN_34XLXI_2XLXI_1S7_4XLXN_34_D2_SPECSIG"/></pterm><pterm id="FB4_18_5"><signal id="A22_SPECSIG"/><signal id="A23_SPECSIG"/><signal id="XLXI_2XLXI_1S7_4XLXN_34XLXI_2XLXI_1S7_4XLXN_34_D2_SPECSIG"/></pterm><equation id="Z21_SPECSIG"><d1><eq_pterm ptindx="FB4_2_1"/></d1><d2><eq_pterm ptindx="FB4_2_2"/><eq_pterm ptindx="FB4_2_3"/><eq_pterm ptindx="FB4_2_4"/></d2></equation><equation id="Z23_SPECSIG"><d1><eq_pterm ptindx="FB4_5_1"/></d1><d2><eq_pterm ptindx="FB4_5_2"/><eq_pterm ptindx="FB4_5_3"/><eq_pterm ptindx="FB4_5_4"/></d2></equation><equation id="Z12_SPECSIG" negated="ON"><d1><eq_pterm ptindx="FB4_9_1"/></d1><d2><eq_pterm ptindx="FB4_9_2"/><eq_pterm ptindx="FB4_9_3"/></d2></equation><equation id="XLXI_2XLXI_1S7_4X3XLXI_2XLXI_1S7_4X3_D36__SPECSIG"><d1><eq_pterm ptindx="FB4_11_1"/></d1><d2><eq_pterm ptindx="FB4_11_2"/></d2></equation><equation id="Z20_SPECSIG" negated="ON"><d1><eq_pterm ptindx="FB4_12_1"/></d1><d2><eq_pterm ptindx="FB4_12_2"/><eq_pterm ptindx="FB4_12_3"/></d2></equation><equation id="XLXI_2XLXI_1S7_4X1XLXI_2XLXI_1S7_4X1_D34__SPECSIG"><d1><eq_pterm ptindx="FB4_13_1"/></d1><d2><eq_pterm ptindx="FB4_13_2"/></d2></equation><equation id="XLXI_2S15_8XLXI_1X1XLXI_2S15_8XLXI_1X1_D30__SPECSIG"><d1><eq_pterm ptindx="FB4_14_1"/></d1><d2><eq_pterm ptindx="FB4_14_2"/></d2></equation><equation id="Z22_SPECSIG" negated="ON"><d1><eq_pterm ptindx="FB4_15_1"/></d1><d2><eq_pterm ptindx="FB4_15_2"/><eq_pterm ptindx="FB4_15_3"/></d2></equation><equation id="XLXI_2S15_8S7_4X3XLXI_2S15_8S7_4X3_D60__SPECSIG"><d1><eq_pterm ptindx="FB4_16_1"/></d1><d2><eq_pterm ptindx="FB4_16_2"/></d2></equation><equation id="XLXI_2XLXI_1S7_4XLXN_34XLXI_2XLXI_1S7_4XLXN_34_D2_SPECSIG"><d2><eq_pterm ptindx="FB4_17_1"/><eq_pterm ptindx="FB4_17_2"/><eq_pterm ptindx="FB4_17_3"/><eq_pterm ptindx="FB4_17_4"/><eq_pterm ptindx="FB4_17_5"/><eq_pterm import="1" ptindx="FB4_16_3"/><eq_pterm import="1" ptindx="FB4_16_4"/></d2></equation><equation id="XLXI_2C7XLXI_2C7_D2_SPECSIG"><d2><eq_pterm ptindx="FB4_18_1"/><eq_pterm ptindx="FB4_18_2"/><eq_pterm ptindx="FB4_18_3"/><eq_pterm ptindx="FB4_18_4"/><eq_pterm ptindx="FB4_18_5"/><eq_pterm import="1" ptindx="FB4_1_1"/><eq_pterm import="1" ptindx="FB4_1_2"/></d2></equation></fblock><fblock id="FB5" inputUse="11" pinUse="11"><macrocell id="FB5_MC1"/><macrocell id="FB5_MC2" pin="FB5_MC2_PINN6" pwr="LOW" sigUse="4" signal="Z25_SPECSIG"><pterms pt1="FB5_2_1" pt2="FB5_2_2" pt3="FB5_2_3" pt4="FB5_2_4"/></macrocell><macrocell id="FB5_MC3" pin="FB5_MC3_PINL8"/><macrocell id="FB5_MC4"/><macrocell id="FB5_MC5" pin="FB5_MC5_PINM7"/><macrocell id="FB5_MC6" pin="FB5_MC6_PINN7"/><macrocell id="FB5_MC7" pin="FB5_MC7_PINM10" pwr="LOW" sigUse="4" signal="Z27_SPECSIG"><pterms pt1="FB5_7_1" pt2="FB5_7_2" pt3="FB5_7_3" pt4="FB5_7_4"/></macrocell><macrocell id="FB5_MC8" pin="FB5_MC8_PINK7"/><macrocell id="FB5_MC9" pin="FB5_MC9_PINN8"/><macrocell id="FB5_MC10" pin="FB5_MC10_PINN11"/><macrocell id="FB5_MC11" pin="FB5_MC11_PINM8" pwr="LOW" sigUse="3" signal="Z24_SPECSIG"><pterms pt1="FB5_11_1" pt2="FB5_11_2" pt3="FB5_11_3"/></macrocell><macrocell id="FB5_MC12" pin="FB5_MC12_PINK8"/><macrocell id="FB5_MC13" pin="FB5_MC13_PINL11"/><macrocell id="FB5_MC14" pin="FB5_MC14_PINN9"/><macrocell id="FB5_MC15" pin="FB5_MC15_PINK9" pwr="LOW" sigUse="3" signal="Z26_SPECSIG"><pterms pt1="FB5_15_1" pt2="FB5_15_2" pt3="FB5_15_3"/></macrocell><macrocell id="FB5_MC16"/><macrocell id="FB5_MC17" pin="FB5_MC17_PINM11"><pterms pt1="FB5_17_1" pt2="FB5_17_2"/></macrocell><macrocell id="FB5_MC18" pwr="LOW" sigUse="5" signal="XLXI_2S15_8XLXI_1XLXN_34XLXI_2S15_8XLXI_1XLXN_34_D2_SPECSIG"><pterms pt1="FB5_18_1" pt2="FB5_18_2" pt3="FB5_18_3" pt4="FB5_18_4" pt5="FB5_18_5"/></macrocell><fbinput id="FB5_I1" signal="A24_SPECSIG"/><fbinput id="FB5_I2" signal="A25_SPECSIG"/><fbinput id="FB5_I3" signal="A26_SPECSIG"/><fbinput id="FB5_I4" signal="B24_SPECSIG"/><fbinput id="FB5_I5" signal="B25_SPECSIG"/><fbinput id="FB5_I6" signal="B26_SPECSIG"/><fbinput id="FB5_I7" signal="XLXI_2C7XLXI_2C7_D2_SPECSIG"/><fbinput id="FB5_I8" signal="XLXI_2S15_8XLXI_1X1XLXI_2S15_8XLXI_1X1_D30__SPECSIG"/><fbinput id="FB5_I9" signal="XLXI_2S15_8XLXI_1X3XLXI_2S15_8XLXI_1X3_D32__SPECSIG"/><fbinput id="FB5_I10" signal="XLXI_2S15_8XLXI_1XLXN_34XLXI_2S15_8XLXI_1XLXN_34_D2_SPECSIG"/><fbinput id="FB5_I11" signal="Z24_SPECSIG"/><pterm id="FB5_2_1"><signal id="XLXI_2S15_8XLXI_1X1XLXI_2S15_8XLXI_1X1_D30__SPECSIG"/></pterm><pterm id="FB5_2_2"><signal id="B24_SPECSIG"/><signal id="A24_SPECSIG"/></pterm><pterm id="FB5_2_3"><signal id="B24_SPECSIG"/><signal id="Z24_SPECSIG" negated="ON"/></pterm><pterm id="FB5_2_4"><signal id="A24_SPECSIG"/><signal id="Z24_SPECSIG" negated="ON"/></pterm><pterm id="FB5_7_1"><signal id="XLXI_2S15_8XLXI_1X3XLXI_2S15_8XLXI_1X3_D32__SPECSIG"/></pterm><pterm id="FB5_7_2"><signal id="B26_SPECSIG"/><signal id="A26_SPECSIG"/></pterm><pterm id="FB5_7_3"><signal id="B26_SPECSIG"/><signal id="XLXI_2S15_8XLXI_1XLXN_34XLXI_2S15_8XLXI_1XLXN_34_D2_SPECSIG"/></pterm><pterm id="FB5_7_4"><signal id="A26_SPECSIG"/><signal id="XLXI_2S15_8XLXI_1XLXN_34XLXI_2S15_8XLXI_1XLXN_34_D2_SPECSIG"/></pterm><pterm id="FB5_11_1"><signal id="A24_SPECSIG"/></pterm><pterm id="FB5_11_2"><signal id="B24_SPECSIG"/><signal id="XLXI_2C7XLXI_2C7_D2_SPECSIG"/></pterm><pterm id="FB5_11_3"><signal id="B24_SPECSIG" negated="ON"/><signal id="XLXI_2C7XLXI_2C7_D2_SPECSIG" negated="ON"/></pterm><pterm id="FB5_15_1"><signal id="A26_SPECSIG"/></pterm><pterm id="FB5_15_2"><signal id="B26_SPECSIG"/><signal id="XLXI_2S15_8XLXI_1XLXN_34XLXI_2S15_8XLXI_1XLXN_34_D2_SPECSIG"/></pterm><pterm id="FB5_15_3"><signal id="B26_SPECSIG" negated="ON"/><signal id="XLXI_2S15_8XLXI_1XLXN_34XLXI_2S15_8XLXI_1XLXN_34_D2_SPECSIG" negated="ON"/></pterm><pterm id="FB5_17_1"><signal id="B24_SPECSIG"/><signal id="B25_SPECSIG"/><signal id="Z24_SPECSIG" negated="ON"/></pterm><pterm id="FB5_17_2"><signal id="A24_SPECSIG"/><signal id="B25_SPECSIG"/><signal id="Z24_SPECSIG" negated="ON"/></pterm><pterm id="FB5_18_1"><signal id="B25_SPECSIG"/><signal id="A25_SPECSIG"/></pterm><pterm id="FB5_18_2"><signal id="B24_SPECSIG"/><signal id="A24_SPECSIG"/><signal id="B25_SPECSIG"/></pterm><pterm id="FB5_18_3"><signal id="B24_SPECSIG"/><signal id="A24_SPECSIG"/><signal id="A25_SPECSIG"/></pterm><pterm id="FB5_18_4"><signal id="B24_SPECSIG"/><signal id="A25_SPECSIG"/><signal id="Z24_SPECSIG" negated="ON"/></pterm><pterm id="FB5_18_5"><signal id="A24_SPECSIG"/><signal id="A25_SPECSIG"/><signal id="Z24_SPECSIG" negated="ON"/></pterm><equation id="Z25_SPECSIG"><d1><eq_pterm ptindx="FB5_2_1"/></d1><d2><eq_pterm ptindx="FB5_2_2"/><eq_pterm ptindx="FB5_2_3"/><eq_pterm ptindx="FB5_2_4"/></d2></equation><equation id="Z27_SPECSIG"><d1><eq_pterm ptindx="FB5_7_1"/></d1><d2><eq_pterm ptindx="FB5_7_2"/><eq_pterm ptindx="FB5_7_3"/><eq_pterm ptindx="FB5_7_4"/></d2></equation><equation id="Z24_SPECSIG" negated="ON"><d1><eq_pterm ptindx="FB5_11_1"/></d1><d2><eq_pterm ptindx="FB5_11_2"/><eq_pterm ptindx="FB5_11_3"/></d2></equation><equation id="Z26_SPECSIG" negated="ON"><d1><eq_pterm ptindx="FB5_15_1"/></d1><d2><eq_pterm ptindx="FB5_15_2"/><eq_pterm ptindx="FB5_15_3"/></d2></equation><equation id="XLXI_2S15_8XLXI_1XLXN_34XLXI_2S15_8XLXI_1XLXN_34_D2_SPECSIG"><d2><eq_pterm ptindx="FB5_18_1"/><eq_pterm ptindx="FB5_18_2"/><eq_pterm ptindx="FB5_18_3"/><eq_pterm ptindx="FB5_18_4"/><eq_pterm ptindx="FB5_18_5"/><eq_pterm import="1" ptindx="FB5_17_1"/><eq_pterm import="1" ptindx="FB5_17_2"/></d2></equation></fblock><fblock id="FB6" inputUse="7" pinUse="11"><macrocell id="FB6_MC1"/><macrocell id="FB6_MC2" pin="FB6_MC2_PINC11" pwr="LOW" sigUse="4" signal="Z3_SPECSIG"><pterms pt1="FB6_2_1" pt2="FB6_2_2" pt3="FB6_2_3" pt4="FB6_2_4"/></macrocell><macrocell id="FB6_MC3"/><macrocell id="FB6_MC4" pin="FB6_MC4_PINB11"/><macrocell id="FB6_MC5" pin="FB6_MC5_PINA12"/><macrocell id="FB6_MC6" pin="FB6_MC6_PINA11"/><macrocell id="FB6_MC7"/><macrocell id="FB6_MC8" pin="FB6_MC8_PIND10" pwr="LOW" sigUse="3" signal="Z28_SPECSIG"><pterms pt1="FB6_8_1" pt2="FB6_8_2" pt3="FB6_8_3"/></macrocell><macrocell id="FB6_MC9" pin="FB6_MC9_PINA10"/><macrocell id="FB6_MC10" pin="FB6_MC10_PINB10"/><macrocell id="FB6_MC11" pin="FB6_MC11_PINB9"/><macrocell id="FB6_MC12" pin="FB6_MC12_PINA9" pwr="LOW" sigUse="3" signal="Z2_SPECSIG"><pterms pt1="FB6_12_1" pt2="FB6_12_2" pt3="FB6_12_3"/></macrocell><macrocell id="FB6_MC13"/><macrocell id="FB6_MC14" pin="FB6_MC14_PIND8"/><macrocell id="FB6_MC15" pin="FB6_MC15_PINA8"/><macrocell id="FB6_MC16" pin="FB6_MC16_PIND9"/><macrocell id="FB6_MC17" pin="FB6_MC17_PINB7"/><macrocell id="FB6_MC18"/><fbinput id="FB6_I1" signal="A28_SPECSIG"/><fbinput id="FB6_I2" signal="A2_SPECSIG"/><fbinput id="FB6_I3" signal="B28_SPECSIG"/><fbinput id="FB6_I4" signal="B2_SPECSIG"/><fbinput id="FB6_I5" signal="XLXI_1XLXI_1XLXI_1X3XLXI_1XLXI_1XLXI_1X3_D25__SPECSIG"/><fbinput id="FB6_I6" signal="XLXI_1XLXI_1XLXI_1XLXN_34XLXI_1XLXI_1XLXI_1XLXN_34_D2_SPECSIG"/><fbinput id="FB6_I7" signal="XLXI_2S15_8C3XLXI_2S15_8C3_D2_SPECSIG"/><pterm id="FB6_2_1"><signal id="XLXI_1XLXI_1XLXI_1X3XLXI_1XLXI_1XLXI_1X3_D25__SPECSIG"/></pterm><pterm id="FB6_2_2"><signal id="B2_SPECSIG"/><signal id="A2_SPECSIG"/></pterm><pterm id="FB6_2_3"><signal id="B2_SPECSIG"/><signal id="XLXI_1XLXI_1XLXI_1XLXN_34XLXI_1XLXI_1XLXI_1XLXN_34_D2_SPECSIG"/></pterm><pterm id="FB6_2_4"><signal id="A2_SPECSIG"/><signal id="XLXI_1XLXI_1XLXI_1XLXN_34XLXI_1XLXI_1XLXI_1XLXN_34_D2_SPECSIG"/></pterm><pterm id="FB6_8_1"><signal id="A28_SPECSIG"/></pterm><pterm id="FB6_8_2"><signal id="B28_SPECSIG"/><signal id="XLXI_2S15_8C3XLXI_2S15_8C3_D2_SPECSIG"/></pterm><pterm id="FB6_8_3"><signal id="B28_SPECSIG" negated="ON"/><signal id="XLXI_2S15_8C3XLXI_2S15_8C3_D2_SPECSIG" negated="ON"/></pterm><pterm id="FB6_12_1"><signal id="A2_SPECSIG"/></pterm><pterm id="FB6_12_2"><signal id="B2_SPECSIG"/><signal id="XLXI_1XLXI_1XLXI_1XLXN_34XLXI_1XLXI_1XLXI_1XLXN_34_D2_SPECSIG"/></pterm><pterm id="FB6_12_3"><signal id="B2_SPECSIG" negated="ON"/><signal id="XLXI_1XLXI_1XLXI_1XLXN_34XLXI_1XLXI_1XLXI_1XLXN_34_D2_SPECSIG" negated="ON"/></pterm><equation id="Z3_SPECSIG"><d1><eq_pterm ptindx="FB6_2_1"/></d1><d2><eq_pterm ptindx="FB6_2_2"/><eq_pterm ptindx="FB6_2_3"/><eq_pterm ptindx="FB6_2_4"/></d2></equation><equation id="Z28_SPECSIG" negated="ON"><d1><eq_pterm ptindx="FB6_8_1"/></d1><d2><eq_pterm ptindx="FB6_8_2"/><eq_pterm ptindx="FB6_8_3"/></d2></equation><equation id="Z2_SPECSIG" negated="ON"><d1><eq_pterm ptindx="FB6_12_1"/></d1><d2><eq_pterm ptindx="FB6_12_2"/><eq_pterm ptindx="FB6_12_3"/></d2></equation></fblock><fblock id="FB7" inputUse="18" pinUse="11"><macrocell id="FB7_MC1"><pterms pt1="FB7_1_1" pt2="FB7_1_2"/></macrocell><macrocell id="FB7_MC2" pin="FB7_MC2_PINN12" pwr="LOW" sigUse="4" signal="Z5_SPECSIG"><pterms pt1="FB7_2_1" pt2="FB7_2_2" pt3="FB7_2_3" pt4="FB7_2_4"/></macrocell><macrocell id="FB7_MC3" pin="FB7_MC3_PINL12"/><macrocell id="FB7_MC4"/><macrocell id="FB7_MC5" pin="FB7_MC5_PINM13"/><macrocell id="FB7_MC6" pin="FB7_MC6_PINL13" pwr="LOW" sigUse="4" signal="Z7_SPECSIG"><pterms pt1="FB7_6_1" pt2="FB7_6_2" pt3="FB7_6_3" pt4="FB7_6_4"/></macrocell><macrocell id="FB7_MC7" pin="FB7_MC7_PINK10"/><macrocell id="FB7_MC8" pin="FB7_MC8_PINK11"/><macrocell id="FB7_MC9" pin="FB7_MC9_PINK13"/><macrocell id="FB7_MC10" pin="FB7_MC10_PINK12" pwr="LOW" sigUse="3" signal="Z16_SPECSIG"><pterms pt1="FB7_10_1" pt2="FB7_10_2" pt3="FB7_10_3"/></macrocell><macrocell id="FB7_MC11" pin="FB7_MC11_PINJ11"/><macrocell id="FB7_MC12" pin="FB7_MC12_PINH10"/><macrocell id="FB7_MC13" pin="FB7_MC13_PINJ10" pwr="LOW" sigUse="3" signal="Z4_SPECSIG"><pterms pt1="FB7_13_1" pt2="FB7_13_2" pt3="FB7_13_3"/></macrocell><macrocell id="FB7_MC14" pin="FB7_MC14_PINH11"/><macrocell id="FB7_MC15" pin="FB7_MC15_PINH12" pwr="LOW" sigUse="2" signal="XLXI_2S15_8XLXI_1X3XLXI_2S15_8XLXI_1X3_D32__SPECSIG"><pterms pt1="FB7_15_1" pt2="FB7_15_2"/></macrocell><macrocell id="FB7_MC16" pin="FB7_MC16_PINJ12" pwr="LOW" sigUse="3" signal="Z6_SPECSIG"><pterms pt1="FB7_16_1" pt2="FB7_16_2" pt3="FB7_16_3" pt4="FB7_16_4" pt5="FB7_16_5"/></macrocell><macrocell id="FB7_MC17" pin="FB7_MC17_PINH13" pwr="LOW" sigUse="5" signal="XLXI_1XLXI_1S7_4XLXN_34XLXI_1XLXI_1S7_4XLXN_34_D2_SPECSIG"><pterms pt1="FB7_17_1" pt2="FB7_17_2" pt3="FB7_17_3" pt4="FB7_17_4" pt5="FB7_17_5"/></macrocell><macrocell id="FB7_MC18" pwr="LOW" sigUse="5" signal="XLXI_1C7XLXI_1C7_D2_SPECSIG"><pterms pt1="FB7_18_1" pt2="FB7_18_2" pt3="FB7_18_3" pt4="FB7_18_4" pt5="FB7_18_5"/></macrocell><fbinput id="FB7_I1" signal="A16_SPECSIG"/><fbinput id="FB7_I2" signal="A27_SPECSIG"/><fbinput id="FB7_I3" signal="A4_SPECSIG"/><fbinput id="FB7_I4" signal="A5_SPECSIG"/><fbinput id="FB7_I5" signal="A6_SPECSIG"/><fbinput id="FB7_I6" signal="A7_SPECSIG"/><fbinput id="FB7_I7" signal="B16_SPECSIG"/><fbinput id="FB7_I8" signal="B27_SPECSIG"/><fbinput id="FB7_I9" signal="B4_SPECSIG"/><fbinput id="FB7_I10" signal="B5_SPECSIG"/><fbinput id="FB7_I11" signal="B6_SPECSIG"/><fbinput id="FB7_I12" signal="B7_SPECSIG"/><fbinput id="FB7_I13" signal="XLXI_1XLXI_1C3XLXI_1XLXI_1C3_D2_SPECSIG"/><fbinput id="FB7_I14" signal="XLXI_1XLXI_1S7_4X1XLXI_1XLXI_1S7_4X1_D20__SPECSIG"/><fbinput id="FB7_I15" signal="XLXI_1XLXI_1S7_4X3XLXI_1XLXI_1S7_4X3_D22__SPECSIG"/><fbinput id="FB7_I16" signal="XLXI_1XLXI_1S7_4XLXN_34XLXI_1XLXI_1S7_4XLXN_34_D2_SPECSIG"/><fbinput id="FB7_I17" signal="XLXN_4XLXN_4_D242__SPECSIG"/><fbinput id="FB7_I18" signal="Z4_SPECSIG"/><pterm id="FB7_1_1"><signal id="B6_SPECSIG"/><signal id="B7_SPECSIG"/><signal id="XLXI_1XLXI_1S7_4XLXN_34XLXI_1XLXI_1S7_4XLXN_34_D2_SPECSIG"/></pterm><pterm id="FB7_1_2"><signal id="A6_SPECSIG"/><signal id="B7_SPECSIG"/><signal id="XLXI_1XLXI_1S7_4XLXN_34XLXI_1XLXI_1S7_4XLXN_34_D2_SPECSIG"/></pterm><pterm id="FB7_2_1"><signal id="XLXI_1XLXI_1S7_4X1XLXI_1XLXI_1S7_4X1_D20__SPECSIG"/></pterm><pterm id="FB7_2_2"><signal id="B4_SPECSIG"/><signal id="A4_SPECSIG"/></pterm><pterm id="FB7_2_3"><signal id="B4_SPECSIG"/><signal id="Z4_SPECSIG" negated="ON"/></pterm><pterm id="FB7_2_4"><signal id="A4_SPECSIG"/><signal id="Z4_SPECSIG" negated="ON"/></pterm><pterm id="FB7_6_1"><signal id="XLXI_1XLXI_1S7_4X3XLXI_1XLXI_1S7_4X3_D22__SPECSIG"/></pterm><pterm id="FB7_6_2"><signal id="B6_SPECSIG"/><signal id="A6_SPECSIG"/></pterm><pterm id="FB7_6_3"><signal id="B6_SPECSIG"/><signal id="XLXI_1XLXI_1S7_4XLXN_34XLXI_1XLXI_1S7_4XLXN_34_D2_SPECSIG"/></pterm><pterm id="FB7_6_4"><signal id="A6_SPECSIG"/><signal id="XLXI_1XLXI_1S7_4XLXN_34XLXI_1XLXI_1S7_4XLXN_34_D2_SPECSIG"/></pterm><pterm id="FB7_10_1"><signal id="A16_SPECSIG"/></pterm><pterm id="FB7_10_2"><signal id="B16_SPECSIG"/><signal id="XLXN_4XLXN_4_D242__SPECSIG"/></pterm><pterm id="FB7_10_3"><signal id="B16_SPECSIG" negated="ON"/><signal id="XLXN_4XLXN_4_D242__SPECSIG" negated="ON"/></pterm><pterm id="FB7_13_1"><signal id="A4_SPECSIG"/></pterm><pterm id="FB7_13_2"><signal id="B4_SPECSIG"/><signal id="XLXI_1XLXI_1C3XLXI_1XLXI_1C3_D2_SPECSIG"/></pterm><pterm id="FB7_13_3"><signal id="B4_SPECSIG" negated="ON"/><signal id="XLXI_1XLXI_1C3XLXI_1XLXI_1C3_D2_SPECSIG" negated="ON"/></pterm><pterm id="FB7_15_1"><signal id="A27_SPECSIG"/></pterm><pterm id="FB7_15_2"><signal id="B27_SPECSIG"/></pterm><pterm id="FB7_16_1"><signal id="A6_SPECSIG"/></pterm><pterm id="FB7_16_2"><signal id="B6_SPECSIG"/><signal id="XLXI_1XLXI_1S7_4XLXN_34XLXI_1XLXI_1S7_4XLXN_34_D2_SPECSIG"/></pterm><pterm id="FB7_16_3"><signal id="B6_SPECSIG" negated="ON"/><signal id="XLXI_1XLXI_1S7_4XLXN_34XLXI_1XLXI_1S7_4XLXN_34_D2_SPECSIG" negated="ON"/></pterm><pterm id="FB7_16_4"><signal id="B4_SPECSIG"/><signal id="B5_SPECSIG"/><signal id="Z4_SPECSIG" negated="ON"/></pterm><pterm id="FB7_16_5"><signal id="A4_SPECSIG"/><signal id="B5_SPECSIG"/><signal id="Z4_SPECSIG" negated="ON"/></pterm><pterm id="FB7_17_1"><signal id="B5_SPECSIG"/><signal id="A5_SPECSIG"/></pterm><pterm id="FB7_17_2"><signal id="B4_SPECSIG"/><signal id="A4_SPECSIG"/><signal id="B5_SPECSIG"/></pterm><pterm id="FB7_17_3"><signal id="B4_SPECSIG"/><signal id="A4_SPECSIG"/><signal id="A5_SPECSIG"/></pterm><pterm id="FB7_17_4"><signal id="B4_SPECSIG"/><signal id="A5_SPECSIG"/><signal id="Z4_SPECSIG" negated="ON"/></pterm><pterm id="FB7_17_5"><signal id="A4_SPECSIG"/><signal id="A5_SPECSIG"/><signal id="Z4_SPECSIG" negated="ON"/></pterm><pterm id="FB7_18_1"><signal id="B7_SPECSIG"/><signal id="A7_SPECSIG"/></pterm><pterm id="FB7_18_2"><signal id="B6_SPECSIG"/><signal id="A6_SPECSIG"/><signal id="B7_SPECSIG"/></pterm><pterm id="FB7_18_3"><signal id="B6_SPECSIG"/><signal id="A6_SPECSIG"/><signal id="A7_SPECSIG"/></pterm><pterm id="FB7_18_4"><signal id="B6_SPECSIG"/><signal id="A7_SPECSIG"/><signal id="XLXI_1XLXI_1S7_4XLXN_34XLXI_1XLXI_1S7_4XLXN_34_D2_SPECSIG"/></pterm><pterm id="FB7_18_5"><signal id="A6_SPECSIG"/><signal id="A7_SPECSIG"/><signal id="XLXI_1XLXI_1S7_4XLXN_34XLXI_1XLXI_1S7_4XLXN_34_D2_SPECSIG"/></pterm><equation id="Z5_SPECSIG"><d1><eq_pterm ptindx="FB7_2_1"/></d1><d2><eq_pterm ptindx="FB7_2_2"/><eq_pterm ptindx="FB7_2_3"/><eq_pterm ptindx="FB7_2_4"/></d2></equation><equation id="Z7_SPECSIG"><d1><eq_pterm ptindx="FB7_6_1"/></d1><d2><eq_pterm ptindx="FB7_6_2"/><eq_pterm ptindx="FB7_6_3"/><eq_pterm ptindx="FB7_6_4"/></d2></equation><equation id="Z16_SPECSIG" negated="ON"><d1><eq_pterm ptindx="FB7_10_1"/></d1><d2><eq_pterm ptindx="FB7_10_2"/><eq_pterm ptindx="FB7_10_3"/></d2></equation><equation id="Z4_SPECSIG" negated="ON"><d1><eq_pterm ptindx="FB7_13_1"/></d1><d2><eq_pterm ptindx="FB7_13_2"/><eq_pterm ptindx="FB7_13_3"/></d2></equation><equation id="XLXI_2S15_8XLXI_1X3XLXI_2S15_8XLXI_1X3_D32__SPECSIG"><d1><eq_pterm ptindx="FB7_15_1"/></d1><d2><eq_pterm ptindx="FB7_15_2"/></d2></equation><equation id="Z6_SPECSIG" negated="ON"><d1><eq_pterm ptindx="FB7_16_1"/></d1><d2><eq_pterm ptindx="FB7_16_2"/><eq_pterm ptindx="FB7_16_3"/></d2></equation><equation id="XLXI_1XLXI_1S7_4XLXN_34XLXI_1XLXI_1S7_4XLXN_34_D2_SPECSIG"><d2><eq_pterm ptindx="FB7_17_1"/><eq_pterm ptindx="FB7_17_2"/><eq_pterm ptindx="FB7_17_3"/><eq_pterm ptindx="FB7_17_4"/><eq_pterm ptindx="FB7_17_5"/><eq_pterm import="1" ptindx="FB7_16_4"/><eq_pterm import="1" ptindx="FB7_16_5"/></d2></equation><equation id="XLXI_1C7XLXI_1C7_D2_SPECSIG"><d2><eq_pterm ptindx="FB7_18_1"/><eq_pterm ptindx="FB7_18_2"/><eq_pterm ptindx="FB7_18_3"/><eq_pterm ptindx="FB7_18_4"/><eq_pterm ptindx="FB7_18_5"/><eq_pterm import="1" ptindx="FB7_1_1"/><eq_pterm import="1" ptindx="FB7_1_2"/></d2></equation></fblock><fblock id="FB8" inputUse="20" pinUse="13"><macrocell id="FB8_MC1" pwr="LOW" sigUse="2" signal="XLXI_1S15_8XLXI_1X3XLXI_1S15_8XLXI_1X3_D18__SPECSIG"><pterms pt1="FB8_1_1" pt2="FB8_1_2" pt3="FB8_1_3" pt4="FB8_1_4"/></macrocell><macrocell id="FB8_MC2" pin="FB8_MC2_PING11" pwr="LOW" sigUse="6" signal="O0"><pterms pt1="FB8_2_1" pt2="FB8_2_2" pt3="FB8_2_3" pt4="FB8_2_4" pt5="FB8_2_5"/></macrocell><macrocell id="FB8_MC3" pin="FB8_MC3_PINF11"><pterms pt1="FB8_3_1"/></macrocell><macrocell id="FB8_MC4" pin="FB8_MC4_PINE13"/><macrocell id="FB8_MC5" pin="FB8_MC5_PING10"/><macrocell id="FB8_MC6" pin="FB8_MC6_PINF13" pwr="LOW" sigUse="4" signal="Z1_SPECSIG"><pterms pt1="FB8_6_1" pt2="FB8_6_2" pt3="FB8_6_3"/></macrocell><macrocell id="FB8_MC7"/><macrocell id="FB8_MC8" pin="FB8_MC8_PINF12"/><macrocell id="FB8_MC9" pin="FB8_MC9_PINF10"/><macrocell id="FB8_MC10" pin="FB8_MC10_PIND13" pwr="LOW" sigUse="2" signal="XLXI_1S15_8XLXI_1X1XLXI_1S15_8XLXI_1X1_D16__SPECSIG"><pterms pt1="FB8_10_1" pt2="FB8_10_2"/></macrocell><macrocell id="FB8_MC11" pin="FB8_MC11_PINE12" pwr="LOW" sigUse="3" signal="Z8_SPECSIG"><pterms pt1="FB8_11_1" pt2="FB8_11_2" pt3="FB8_11_3"/></macrocell><macrocell id="FB8_MC12" pin="FB8_MC12_PINE10" pwr="LOW" sigUse="2" signal="XLXI_1S15_8S7_4X3XLXI_1S15_8S7_4X3_D14__SPECSIG"><pterms pt1="FB8_12_1" pt2="FB8_12_2"/></macrocell><macrocell id="FB8_MC13" pin="FB8_MC13_PIND11" pwr="LOW" sigUse="2" signal="XLXI_1S15_8S7_4X1XLXI_1S15_8S7_4X1_D12__SPECSIG"><pterms pt1="FB8_13_1" pt2="FB8_13_2"/></macrocell><macrocell id="FB8_MC14" pin="FB8_MC14_PIND12" pwr="LOW" sigUse="4" signal="XLXI_1XLXI_1XLXI_1XLXN_34XLXI_1XLXI_1XLXI_1XLXN_34_D2_SPECSIG"><pterms pt1="FB8_14_1" pt2="FB8_14_2" pt3="FB8_14_3"/></macrocell><macrocell id="FB8_MC15" pin="FB8_MC15_PINC13" pwr="LOW" sigUse="2" signal="Z0_SPECSIG"><pterms pt1="FB8_15_1" pt2="FB8_15_2" pt3="FB8_15_3" pt4="FB8_15_4"/></macrocell><macrocell id="FB8_MC16" pin="FB8_MC16_PINB13" pwr="LOW" sigUse="3" signal="XLXI_1S15_8S7_4XLXN_27XLXI_1S15_8S7_4XLXN_27_D258__SPECSIG"><pterms pt1="FB8_16_1" pt2="FB8_16_2" pt3="FB8_16_3" pt4="FB8_16_4" pt5="FB8_16_5"/></macrocell><macrocell id="FB8_MC17" pin="FB8_MC17_PINC12" pwr="LOW" sigUse="5" signal="XLXN_4XLXN_4_D242__SPECSIG"><pterms pt1="FB8_17_1" pt2="FB8_17_2" pt3="FB8_17_3" pt4="FB8_17_4" pt5="FB8_17_5"/></macrocell><macrocell id="FB8_MC18" pwr="LOW" sigUse="5" signal="XLXI_1S15_8XLXI_1XLXN_34XLXI_1S15_8XLXI_1XLXN_34_D2_SPECSIG"><pterms pt1="FB8_18_1" pt2="FB8_18_2" pt3="FB8_18_3" pt4="FB8_18_4" pt5="FB8_18_5"/></macrocell><fbinput id="FB8_I1" signal="A0_SPECSIG"/><fbinput id="FB8_I2" signal="A11_SPECSIG"/><fbinput id="FB8_I3" signal="A13_SPECSIG"/><fbinput id="FB8_I4" signal="A14_SPECSIG"/><fbinput id="FB8_I5" signal="A15_SPECSIG"/><fbinput id="FB8_I6" signal="A1_SPECSIG"/><fbinput id="FB8_I7" signal="A8_SPECSIG"/><fbinput id="FB8_I8" signal="A9_SPECSIG"/><fbinput id="FB8_I9" signal="B0_SPECSIG"/><fbinput id="FB8_I10" signal="B11_SPECSIG"/><fbinput id="FB8_I11" signal="B13_SPECSIG"/><fbinput id="FB8_I12" signal="B14_SPECSIG"/><fbinput id="FB8_I13" signal="B15_SPECSIG"/><fbinput id="FB8_I14" signal="B1_SPECSIG"/><fbinput id="FB8_I15" signal="B8_SPECSIG"/><fbinput id="FB8_I16" signal="B9_SPECSIG"/><fbinput id="FB8_I17" signal="XLXI_1C7XLXI_1C7_D2_SPECSIG"/><fbinput id="FB8_I18" signal="XLXI_1S15_8S7_4XLXN_27XLXI_1S15_8S7_4XLXN_27_D258__SPECSIG"/><fbinput id="FB8_I19" signal="XLXI_1S15_8S7_4XLXN_34XLXI_1S15_8S7_4XLXN_34_D2_SPECSIG"/><fbinput id="FB8_I20" signal="Z8_SPECSIG"/><pterm id="FB8_1_1"><signal id="A11_SPECSIG"/></pterm><pterm id="FB8_1_2"><signal id="B11_SPECSIG"/></pterm><pterm id="FB8_1_3"><signal id="B15_SPECSIG"/><signal id="B14_SPECSIG"/><signal id="A14_SPECSIG"/></pterm><pterm id="FB8_1_4"><signal id="B15_SPECSIG"/><signal id="A14_SPECSIG"/><signal id="XLXI_1S15_8S7_4XLXN_34XLXI_1S15_8S7_4XLXN_34_D2_SPECSIG"/></pterm><pterm id="FB8_2_1"><signal id="XLXI_1S15_8S7_4XLXN_27XLXI_1S15_8S7_4XLXN_27_D258__SPECSIG"/></pterm><pterm id="FB8_2_2"><signal id="B15_SPECSIG"/><signal id="A15_SPECSIG"/></pterm><pterm id="FB8_2_3"><signal id="A15_SPECSIG"/><signal id="B14_SPECSIG"/><signal id="A14_SPECSIG"/></pterm><pterm id="FB8_2_4"><signal id="A15_SPECSIG"/><signal id="B14_SPECSIG"/><signal id="XLXI_1S15_8S7_4XLXN_34XLXI_1S15_8S7_4XLXN_34_D2_SPECSIG"/></pterm><pterm id="FB8_2_5"><signal id="A15_SPECSIG"/><signal id="A14_SPECSIG"/><signal id="XLXI_1S15_8S7_4XLXN_34XLXI_1S15_8S7_4XLXN_34_D2_SPECSIG"/></pterm><pterm id="FB8_3_1"><signal id="B15_SPECSIG"/><signal id="B14_SPECSIG"/><signal id="XLXI_1S15_8S7_4XLXN_34XLXI_1S15_8S7_4XLXN_34_D2_SPECSIG"/></pterm><pterm id="FB8_6_1"><signal id="B0_SPECSIG"/><signal id="A0_SPECSIG"/></pterm><pterm id="FB8_6_2"><signal id="B1_SPECSIG"/><signal id="A1_SPECSIG" negated="ON"/></pterm><pterm id="FB8_6_3"><signal id="B1_SPECSIG" negated="ON"/><signal id="A1_SPECSIG"/></pterm><pterm id="FB8_10_1"><signal id="A9_SPECSIG"/></pterm><pterm id="FB8_10_2"><signal id="B9_SPECSIG"/></pterm><pterm id="FB8_11_1"><signal id="A8_SPECSIG"/></pterm><pterm id="FB8_11_2"><signal id="B8_SPECSIG"/><signal id="XLXI_1C7XLXI_1C7_D2_SPECSIG"/></pterm><pterm id="FB8_11_3"><signal id="B8_SPECSIG" negated="ON"/><signal id="XLXI_1C7XLXI_1C7_D2_SPECSIG" negated="ON"/></pterm><pterm id="FB8_12_1"><signal id="A15_SPECSIG"/></pterm><pterm id="FB8_12_2"><signal id="B15_SPECSIG"/></pterm><pterm id="FB8_13_1"><signal id="A13_SPECSIG"/></pterm><pterm id="FB8_13_2"><signal id="B13_SPECSIG"/></pterm><pterm id="FB8_14_1"><signal id="B1_SPECSIG"/><signal id="A1_SPECSIG"/></pterm><pterm id="FB8_14_2"><signal id="B0_SPECSIG"/><signal id="A0_SPECSIG"/><signal id="B1_SPECSIG"/></pterm><pterm id="FB8_14_3"><signal id="B0_SPECSIG"/><signal id="A0_SPECSIG"/><signal id="A1_SPECSIG"/></pterm><pterm id="FB8_15_1"><signal id="A0_SPECSIG"/></pterm><pterm id="FB8_15_2"><signal id="B0_SPECSIG"/></pterm><pterm id="FB8_15_3"><signal id="B14_SPECSIG"/><signal id="A14_SPECSIG"/></pterm><pterm id="FB8_15_4"><signal id="A14_SPECSIG"/><signal id="XLXI_1S15_8S7_4XLXN_34XLXI_1S15_8S7_4XLXN_34_D2_SPECSIG"/></pterm><pterm id="FB8_16_1"><signal id="B14_SPECSIG"/><signal id="XLXI_1S15_8S7_4XLXN_34XLXI_1S15_8S7_4XLXN_34_D2_SPECSIG"/></pterm><pterm id="FB8_16_2"><signal id="B15_SPECSIG"/><signal id="B14_SPECSIG"/><signal id="A14_SPECSIG"/></pterm><pterm id="FB8_16_3"><signal id="B15_SPECSIG"/><signal id="B14_SPECSIG"/><signal id="XLXI_1S15_8S7_4XLXN_34XLXI_1S15_8S7_4XLXN_34_D2_SPECSIG"/></pterm><pterm id="FB8_16_4"><signal id="B15_SPECSIG"/><signal id="A14_SPECSIG"/><signal id="XLXI_1S15_8S7_4XLXN_34XLXI_1S15_8S7_4XLXN_34_D2_SPECSIG"/></pterm><pterm id="FB8_16_5"><signal id="A15_SPECSIG"/><signal id="B14_SPECSIG"/><signal id="XLXI_1S15_8S7_4XLXN_34XLXI_1S15_8S7_4XLXN_34_D2_SPECSIG"/></pterm><pterm id="FB8_17_1"><signal id="B15_SPECSIG"/><signal id="A15_SPECSIG"/></pterm><pterm id="FB8_17_2"><signal id="A15_SPECSIG"/><signal id="B14_SPECSIG"/><signal id="A14_SPECSIG"/></pterm><pterm id="FB8_17_3"><signal id="A15_SPECSIG"/><signal id="A14_SPECSIG"/><signal id="XLXI_1S15_8S7_4XLXN_34XLXI_1S15_8S7_4XLXN_34_D2_SPECSIG"/></pterm><pterm id="FB8_17_4"><signal id="B8_SPECSIG"/><signal id="B9_SPECSIG"/><signal id="Z8_SPECSIG" negated="ON"/></pterm><pterm id="FB8_17_5"><signal id="A8_SPECSIG"/><signal id="B9_SPECSIG"/><signal id="Z8_SPECSIG" negated="ON"/></pterm><pterm id="FB8_18_1"><signal id="B9_SPECSIG"/><signal id="A9_SPECSIG"/></pterm><pterm id="FB8_18_2"><signal id="B8_SPECSIG"/><signal id="A8_SPECSIG"/><signal id="B9_SPECSIG"/></pterm><pterm id="FB8_18_3"><signal id="B8_SPECSIG"/><signal id="A8_SPECSIG"/><signal id="A9_SPECSIG"/></pterm><pterm id="FB8_18_4"><signal id="B8_SPECSIG"/><signal id="A9_SPECSIG"/><signal id="Z8_SPECSIG" negated="ON"/></pterm><pterm id="FB8_18_5"><signal id="A8_SPECSIG"/><signal id="A9_SPECSIG"/><signal id="Z8_SPECSIG" negated="ON"/></pterm><equation id="XLXI_1S15_8XLXI_1X3XLXI_1S15_8XLXI_1X3_D18__SPECSIG"><d1><eq_pterm ptindx="FB8_1_1"/></d1><d2><eq_pterm ptindx="FB8_1_2"/></d2></equation><equation id="O0"><d1><eq_pterm ptindx="FB8_2_1"/></d1><d2><eq_pterm ptindx="FB8_2_2"/><eq_pterm ptindx="FB8_2_3"/><eq_pterm ptindx="FB8_2_4"/><eq_pterm ptindx="FB8_2_5"/><eq_pterm import="1" ptindx="FB8_1_3"/><eq_pterm import="1" ptindx="FB8_1_4"/><eq_pterm import="1" ptindx="FB8_3_1"/></d2></equation><equation id="Z1_SPECSIG"><d1><eq_pterm ptindx="FB8_6_1"/></d1><d2><eq_pterm ptindx="FB8_6_2"/><eq_pterm ptindx="FB8_6_3"/></d2></equation><equation id="XLXI_1S15_8XLXI_1X1XLXI_1S15_8XLXI_1X1_D16__SPECSIG"><d1><eq_pterm ptindx="FB8_10_1"/></d1><d2><eq_pterm ptindx="FB8_10_2"/></d2></equation><equation id="Z8_SPECSIG" negated="ON"><d1><eq_pterm ptindx="FB8_11_1"/></d1><d2><eq_pterm ptindx="FB8_11_2"/><eq_pterm ptindx="FB8_11_3"/></d2></equation><equation id="XLXI_1S15_8S7_4X3XLXI_1S15_8S7_4X3_D14__SPECSIG"><d1><eq_pterm ptindx="FB8_12_1"/></d1><d2><eq_pterm ptindx="FB8_12_2"/></d2></equation><equation id="XLXI_1S15_8S7_4X1XLXI_1S15_8S7_4X1_D12__SPECSIG"><d1><eq_pterm ptindx="FB8_13_1"/></d1><d2><eq_pterm ptindx="FB8_13_2"/></d2></equation><equation id="XLXI_1XLXI_1XLXI_1XLXN_34XLXI_1XLXI_1XLXI_1XLXN_34_D2_SPECSIG"><d2><eq_pterm ptindx="FB8_14_1"/><eq_pterm ptindx="FB8_14_2"/><eq_pterm ptindx="FB8_14_3"/></d2></equation><equation id="Z0_SPECSIG"><d1><eq_pterm ptindx="FB8_15_1"/></d1><d2><eq_pterm ptindx="FB8_15_2"/></d2></equation><equation id="XLXI_1S15_8S7_4XLXN_27XLXI_1S15_8S7_4XLXN_27_D258__SPECSIG"><d2><eq_pterm ptindx="FB8_16_1"/><eq_pterm import="1" ptindx="FB8_15_3"/><eq_pterm import="1" ptindx="FB8_15_4"/></d2></equation><equation id="XLXN_4XLXN_4_D242__SPECSIG"><d2><eq_pterm ptindx="FB8_17_1"/><eq_pterm ptindx="FB8_17_2"/><eq_pterm ptindx="FB8_17_3"/><eq_pterm import="1" ptindx="FB8_16_2"/><eq_pterm import="1" ptindx="FB8_16_3"/><eq_pterm import="1" ptindx="FB8_16_4"/><eq_pterm import="1" ptindx="FB8_16_5"/></d2></equation><equation id="XLXI_1S15_8XLXI_1XLXN_34XLXI_1S15_8XLXI_1XLXN_34_D2_SPECSIG"><d2><eq_pterm ptindx="FB8_18_1"/><eq_pterm ptindx="FB8_18_2"/><eq_pterm ptindx="FB8_18_3"/><eq_pterm ptindx="FB8_18_4"/><eq_pterm ptindx="FB8_18_5"/><eq_pterm import="1" ptindx="FB8_17_4"/><eq_pterm import="1" ptindx="FB8_17_5"/></d2></equation></fblock><vcc/><gnd/><compOpts exhaust="OFF" gclkopt="ON" gsropt="ON" gtsopt="ON" ignorets="OFF" inputs="54" keepio="OFF" loc="ON" mlopt="ON" optimize="DENSITY" part="xa95*xl-*-*" power="LOW" prld="LOW" pterms="25" slew="FAST" terminate="KEEPER" unused="OFF" wysiwyg="OFF"/><specSig signal="B12_SPECSIG" value="B&lt;12&gt;"/><specSig signal="A12_SPECSIG" value="A&lt;12&gt;"/><specSig signal="B8_SPECSIG" value="B&lt;8&gt;"/><specSig signal="A8_SPECSIG" value="A&lt;8&gt;"/><specSig signal="B4_SPECSIG" value="B&lt;4&gt;"/><specSig signal="A4_SPECSIG" value="A&lt;4&gt;"/><specSig signal="B0_SPECSIG" value="B&lt;0&gt;"/><specSig signal="A0_SPECSIG" value="A&lt;0&gt;"/><specSig signal="B24_SPECSIG" value="B&lt;24&gt;"/><specSig signal="A24_SPECSIG" value="A&lt;24&gt;"/><specSig signal="B20_SPECSIG" value="B&lt;20&gt;"/><specSig signal="A20_SPECSIG" value="A&lt;20&gt;"/><specSig signal="B16_SPECSIG" value="B&lt;16&gt;"/><specSig signal="A16_SPECSIG" value="A&lt;16&gt;"/><specSig signal="B13_SPECSIG" value="B&lt;13&gt;"/><specSig signal="A13_SPECSIG" value="A&lt;13&gt;"/><specSig signal="B9_SPECSIG" value="B&lt;9&gt;"/><specSig signal="A9_SPECSIG" value="A&lt;9&gt;"/><specSig signal="B5_SPECSIG" value="B&lt;5&gt;"/><specSig signal="A5_SPECSIG" value="A&lt;5&gt;"/><specSig signal="B1_SPECSIG" value="B&lt;1&gt;"/><specSig signal="A1_SPECSIG" value="A&lt;1&gt;"/><specSig signal="B28_SPECSIG" value="B&lt;28&gt;"/><specSig signal="A28_SPECSIG" value="A&lt;28&gt;"/><specSig signal="B25_SPECSIG" value="B&lt;25&gt;"/><specSig signal="A25_SPECSIG" value="A&lt;25&gt;"/><specSig signal="B21_SPECSIG" value="B&lt;21&gt;"/><specSig signal="A21_SPECSIG" value="A&lt;21&gt;"/><specSig signal="B17_SPECSIG" value="B&lt;17&gt;"/><specSig signal="A17_SPECSIG" value="A&lt;17&gt;"/><specSig signal="B15_SPECSIG" value="B&lt;15&gt;"/><specSig signal="A15_SPECSIG" value="A&lt;15&gt;"/><specSig signal="B14_SPECSIG" value="B&lt;14&gt;"/><specSig signal="A14_SPECSIG" value="A&lt;14&gt;"/><specSig signal="B10_SPECSIG" value="B&lt;10&gt;"/><specSig signal="A10_SPECSIG" value="A&lt;10&gt;"/><specSig signal="B6_SPECSIG" value="B&lt;6&gt;"/><specSig signal="A6_SPECSIG" value="A&lt;6&gt;"/><specSig signal="B2_SPECSIG" value="B&lt;2&gt;"/><specSig signal="A2_SPECSIG" value="A&lt;2&gt;"/><specSig signal="B31_SPECSIG" value="B&lt;31&gt;"/><specSig signal="A31_SPECSIG" value="A&lt;31&gt;"/><specSig signal="B29_SPECSIG" value="B&lt;29&gt;"/><specSig signal="A29_SPECSIG" value="A&lt;29&gt;"/><specSig signal="B26_SPECSIG" value="B&lt;26&gt;"/><specSig signal="A26_SPECSIG" value="A&lt;26&gt;"/><specSig signal="B22_SPECSIG" value="B&lt;22&gt;"/><specSig signal="A22_SPECSIG" value="A&lt;22&gt;"/><specSig signal="B18_SPECSIG" value="B&lt;18&gt;"/><specSig signal="A18_SPECSIG" value="A&lt;18&gt;"/><specSig signal="B30_SPECSIG" value="B&lt;30&gt;"/><specSig signal="A30_SPECSIG" value="A&lt;30&gt;"/><specSig signal="B11_SPECSIG" value="B&lt;11&gt;"/><specSig signal="A11_SPECSIG" value="A&lt;11&gt;"/><specSig signal="B7_SPECSIG" value="B&lt;7&gt;"/><specSig signal="A7_SPECSIG" value="A&lt;7&gt;"/><specSig signal="B27_SPECSIG" value="B&lt;27&gt;"/><specSig signal="A27_SPECSIG" value="A&lt;27&gt;"/><specSig signal="B23_SPECSIG" value="B&lt;23&gt;"/><specSig signal="A23_SPECSIG" value="A&lt;23&gt;"/><specSig signal="B19_SPECSIG" value="B&lt;19&gt;"/><specSig signal="A19_SPECSIG" value="A&lt;19&gt;"/><specSig signal="B3_SPECSIG" value="B&lt;3&gt;"/><specSig signal="A3_SPECSIG" value="A&lt;3&gt;"/><specSig signal="b_SPECSIG" value="(b)"/><specSig signal="Z15_SPECSIG" value="Z&lt;15&gt;"/><specSig signal="Z31_SPECSIG" value="Z&lt;31&gt;"/><specSig signal="Z14_SPECSIG" value="Z&lt;14&gt;"/><specSig signal="Z30_SPECSIG" value="Z&lt;30&gt;"/><specSig signal="Z11_SPECSIG" value="Z&lt;11&gt;"/><specSig signal="Z13_SPECSIG" value="Z&lt;13&gt;"/><specSig signal="Z9_SPECSIG" value="Z&lt;9&gt;"/><specSig signal="Z10_SPECSIG" value="Z&lt;10&gt;"/><specSig signal="Z17_SPECSIG" value="Z&lt;17&gt;"/><specSig signal="Z19_SPECSIG" value="Z&lt;19&gt;"/><specSig signal="XLXI_2XLXI_1XLXI_1X3XLXI_2XLXI_1XLXI_1X3_D40__SPECSIG" value="XLXI_2/XLXI_1/XLXI_1/X3/XLXI_2/XLXI_1/XLXI_1/X3_D40_"/><specSig signal="Z18_SPECSIG" value="Z&lt;18&gt;"/><specSig signal="Z29_SPECSIG" value="Z&lt;29&gt;"/><specSig signal="Z21_SPECSIG" value="Z&lt;21&gt;"/><specSig signal="Z23_SPECSIG" value="Z&lt;23&gt;"/><specSig signal="Z12_SPECSIG" value="Z&lt;12&gt;"/><specSig signal="Z20_SPECSIG" value="Z&lt;20&gt;"/><specSig signal="Z22_SPECSIG" value="Z&lt;22&gt;"/><specSig signal="Z25_SPECSIG" value="Z&lt;25&gt;"/><specSig signal="Z27_SPECSIG" value="Z&lt;27&gt;"/><specSig signal="Z24_SPECSIG" value="Z&lt;24&gt;"/><specSig signal="Z26_SPECSIG" value="Z&lt;26&gt;"/><specSig signal="Z3_SPECSIG" value="Z&lt;3&gt;"/><specSig signal="Z28_SPECSIG" value="Z&lt;28&gt;"/><specSig signal="Z2_SPECSIG" value="Z&lt;2&gt;"/><specSig signal="Z5_SPECSIG" value="Z&lt;5&gt;"/><specSig signal="Z7_SPECSIG" value="Z&lt;7&gt;"/><specSig signal="Z16_SPECSIG" value="Z&lt;16&gt;"/><specSig signal="Z4_SPECSIG" value="Z&lt;4&gt;"/><specSig signal="XLXI_2S15_8XLXI_1X3XLXI_2S15_8XLXI_1X3_D32__SPECSIG" value="XLXI_2/S15_8/XLXI_1/X3/XLXI_2/S15_8/XLXI_1/X3_D32_"/><specSig signal="Z6_SPECSIG" value="Z&lt;6&gt;"/><specSig signal="Z1_SPECSIG" value="Z&lt;1&gt;"/><specSig signal="Z8_SPECSIG" value="Z&lt;8&gt;"/><specSig signal="Z0_SPECSIG" value="Z&lt;0&gt;"/><specSig signal="XLXI_2S15_8C3XLXI_2S15_8C3_D2_SPECSIG" value="XLXI_2/S15_8/C3/XLXI_2/S15_8/C3_D2"/><specSig signal="XLXI_1XLXI_1C3XLXI_1XLXI_1C3_D2_SPECSIG" value="XLXI_1/XLXI_1/C3/XLXI_1/XLXI_1/C3_D2"/><specSig signal="XLXI_1S15_8S7_4X3XLXI_1S15_8S7_4X3_D14__SPECSIG" value="XLXI_1/S15_8/S7_4/X3/XLXI_1/S15_8/S7_4/X3_D14_"/><specSig signal="XLXI_1S15_8S7_4XLXN_34XLXI_1S15_8S7_4XLXN_34_D2_SPECSIG" value="XLXI_1/S15_8/S7_4/XLXN_34/XLXI_1/S15_8/S7_4/XLXN_34_D2"/><specSig signal="XLXI_1XLXI_1XLXI_1XLXN_34XLXI_1XLXI_1XLXI_1XLXN_34_D2_SPECSIG" value="XLXI_1/XLXI_1/XLXI_1/XLXN_34/XLXI_1/XLXI_1/XLXI_1/XLXN_34_D2"/><specSig signal="XLXI_2S15_8S7_4X3XLXI_2S15_8S7_4X3_D60__SPECSIG" value="XLXI_2/S15_8/S7_4/X3/XLXI_2/S15_8/S7_4/X3_D60_"/><specSig signal="XLXI_2S15_8S7_4XLXN_34XLXI_2S15_8S7_4XLXN_34_D2_SPECSIG" value="XLXI_2/S15_8/S7_4/XLXN_34/XLXI_2/S15_8/S7_4/XLXN_34_D2"/><specSig signal="XLXI_2S15_8XLXI_1XLXN_34XLXI_2S15_8XLXI_1XLXN_34_D2_SPECSIG" value="XLXI_2/S15_8/XLXI_1/XLXN_34/XLXI_2/S15_8/XLXI_1/XLXN_34_D2"/><specSig signal="XLXI_1XLXI_1S7_4X3XLXI_1XLXI_1S7_4X3_D22__SPECSIG" value="XLXI_1/XLXI_1/S7_4/X3/XLXI_1/XLXI_1/S7_4/X3_D22_"/><specSig signal="XLXI_1XLXI_1S7_4X1XLXI_1XLXI_1S7_4X1_D20__SPECSIG" value="XLXI_1/XLXI_1/S7_4/X1/XLXI_1/XLXI_1/S7_4/X1_D20_"/><specSig signal="XLXI_1S15_8C3XLXI_1S15_8C3_D2_SPECSIG" value="XLXI_1/S15_8/C3/XLXI_1/S15_8/C3_D2"/><specSig signal="XLXI_1S15_8S7_4X1XLXI_1S15_8S7_4X1_D12__SPECSIG" value="XLXI_1/S15_8/S7_4/X1/XLXI_1/S15_8/S7_4/X1_D12_"/><specSig signal="XLXI_1S15_8XLXI_1X1XLXI_1S15_8XLXI_1X1_D16__SPECSIG" value="XLXI_1/S15_8/XLXI_1/X1/XLXI_1/S15_8/XLXI_1/X1_D16_"/><specSig signal="XLXI_1S15_8XLXI_1X3XLXI_1S15_8XLXI_1X3_D18__SPECSIG" value="XLXI_1/S15_8/XLXI_1/X3/XLXI_1/S15_8/XLXI_1/X3_D18_"/><specSig signal="XLXI_1S15_8XLXI_1XLXN_34XLXI_1S15_8XLXI_1XLXN_34_D2_SPECSIG" value="XLXI_1/S15_8/XLXI_1/XLXN_34/XLXI_1/S15_8/XLXI_1/XLXN_34_D2"/><specSig signal="XLXI_2XLXI_1XLXI_1X1XLXI_2XLXI_1XLXI_1X1_D38__SPECSIG" value="XLXI_2/XLXI_1/XLXI_1/X1/XLXI_2/XLXI_1/XLXI_1/X1_D38_"/><specSig signal="XLXI_2S15_8S7_4X1XLXI_2S15_8S7_4X1_D27__SPECSIG" value="XLXI_2/S15_8/S7_4/X1/XLXI_2/S15_8/S7_4/X1_D27_"/><specSig signal="XLXI_1XLXI_1XLXI_1X3XLXI_1XLXI_1XLXI_1X3_D25__SPECSIG" value="XLXI_1/XLXI_1/XLXI_1/X3/XLXI_1/XLXI_1/XLXI_1/X3_D25_"/><specSig signal="XLXI_2XLXI_1XLXI_1XLXN_34XLXI_2XLXI_1XLXI_1XLXN_34_D2_SPECSIG" value="XLXI_2/XLXI_1/XLXI_1/XLXN_34/XLXI_2/XLXI_1/XLXI_1/XLXN_34_D2"/><specSig signal="XLXI_2XLXI_1C3XLXI_2XLXI_1C3_D2_SPECSIG" value="XLXI_2/XLXI_1/C3/XLXI_2/XLXI_1/C3_D2"/><specSig signal="XLXI_2XLXI_1S7_4X3XLXI_2XLXI_1S7_4X3_D36__SPECSIG" value="XLXI_2/XLXI_1/S7_4/X3/XLXI_2/XLXI_1/S7_4/X3_D36_"/><specSig signal="XLXI_2XLXI_1S7_4X1XLXI_2XLXI_1S7_4X1_D34__SPECSIG" value="XLXI_2/XLXI_1/S7_4/X1/XLXI_2/XLXI_1/S7_4/X1_D34_"/><specSig signal="XLXI_2S15_8XLXI_1X1XLXI_2S15_8XLXI_1X1_D30__SPECSIG" value="XLXI_2/S15_8/XLXI_1/X1/XLXI_2/S15_8/XLXI_1/X1_D30_"/><specSig signal="XLXI_2XLXI_1S7_4XLXN_34XLXI_2XLXI_1S7_4XLXN_34_D2_SPECSIG" value="XLXI_2/XLXI_1/S7_4/XLXN_34/XLXI_2/XLXI_1/S7_4/XLXN_34_D2"/><specSig signal="XLXI_2C7XLXI_2C7_D2_SPECSIG" value="XLXI_2/C7/XLXI_2/C7_D2"/><specSig signal="XLXI_1XLXI_1S7_4XLXN_34XLXI_1XLXI_1S7_4XLXN_34_D2_SPECSIG" value="XLXI_1/XLXI_1/S7_4/XLXN_34/XLXI_1/XLXI_1/S7_4/XLXN_34_D2"/><specSig signal="XLXI_1C7XLXI_1C7_D2_SPECSIG" value="XLXI_1/C7/XLXI_1/C7_D2"/><specSig signal="XLXN_4XLXN_4_D242__SPECSIG" value="XLXN_4/XLXN_4_D242_"/><specSig signal="XLXI_1S15_8S7_4XLXN_27XLXI_1S15_8S7_4XLXN_27_D258__SPECSIG" value="XLXI_1/S15_8/S7_4/XLXN_27/XLXI_1/S15_8/S7_4/XLXN_27_D258_"/></document>
